2026-07-17 17:31:48.781089,1000,0,1000.0
2026-07-17 17:31:49.359735,1000,0,1000.0
2026-07-17 17:31:49.536429,1000,0,1000.0
2026-07-17 17:31:49.733815,1000,0,1000.0
2026-07-17 17:31:49.878393,1000,0,1000.0
2026-07-17 17:31:50.025221,1000.0,0.0,1000.0
2026-07-17 17:31:50.157428,1000.0,0.0,1000.0
2026-07-17 17:31:50.294628,1000.0,0.0,1000.0
2026-07-17 17:31:50.426386,1000.0,0.0,1000.0
2026-07-17 17:31:50.556580,1000.0,0.0,1000.0
2026-07-17 17:31:50.669843,1000.0,0.0,1000.0
2026-07-17 17:31:50.853418,1000.0,0.0,1000.0
2026-07-17 17:31:51.039070,1000.0,0.0,1000.0
2026-07-17 17:31:51.249497,1000.0,0.0,1000.0
2026-07-17 17:31:51.368752,1000.0,0.0,1000.0
2026-07-17 17:31:51.498096,1000.0,0.0,1000.0
2026-07-17 17:31:51.624445,1000.0,0.0,1000.0
2026-07-17 17:31:51.757996,1000.0,0.0,1000.0
2026-07-17 17:31:51.897072,1000.0,0.0,1000.0
2026-07-17 17:31:52.041870,1000.0,0.0,1000.0
2026-07-17 17:31:52.183903,1000.0,0.0,1000.0
2026-07-17 17:31:52.332207,1000.0,0.0,1000.0
2026-07-17 17:31:52.463522,1000.0,0.0,1000.0
2026-07-17 17:31:52.598310,1000.0,0.0,1000.0
2026-07-17 17:31:52.733799,1000.0,0.0,1000.0
2026-07-17 17:31:52.850148,1000.0,0.0,1000.0
2026-07-17 17:31:52.969988,1000.0,0.0,1000.0
2026-07-17 17:31:53.102612,1000.0,0.0,1000.0
2026-07-17 17:31:53.277230,1000.0,0.0,1000.0
2026-07-17 17:31:53.462675,1000.0,0.0,1000.0
2026-07-17 17:31:53.604334,1000.0,0.0,1000.0
2026-07-17 17:31:53.739963,1000.0,0.0,1000.0
2026-07-17 17:31:53.873069,1000.0,0.0,1000.0
2026-07-17 17:31:54.007047,1000.0,0.0,1000.0
2026-07-17 17:31:54.142278,1000.0,0.0,1000.0
2026-07-17 17:31:54.283865,1000.0,0.0,1000.0
2026-07-17 17:31:54.428744,1000.0,0.0,1000.0
2026-07-17 17:31:54.562391,1000.0,0.0,1000.0
2026-07-17 17:31:54.695230,1000.0,0.0,1000.0
2026-07-17 17:31:54.832130,1000.0,0.0,1000.0
2026-07-17 17:31:54.971602,1000.0,0.0,1000.0
2026-07-17 17:31:55.113195,1000.0,0.0,1000.0
2026-07-17 17:31:55.238462,1000.0,0.0,1000.0
2026-07-17 17:31:55.380921,1000.0,0.0,1000.0
2026-07-17 17:31:55.504215,1000.0,0.0,1000.0
2026-07-17 17:31:55.677192,1000.0,0.0,1000.0
2026-07-17 17:31:55.797978,1000.0,0.0,1000.0
2026-07-17 17:31:55.928315,1000.0,0.0,1000.0
2026-07-17 17:31:56.050451,1000.0,0.0,1000.0
2026-07-17 17:31:56.183592,1000.0,0.0,1000.0
2026-07-17 17:31:56.326523,1000.0,0.0,1000.0
2026-07-17 17:31:56.450429,900.0,0.00158157753185653,1000.0
2026-07-17 17:31:56.587038,900.0,0.00158157753185653,1000.0
2026-07-17 17:31:56.716912,900.0,0.00158157753185653,999.9999841842247
2026-07-17 17:31:56.861823,900.0,0.00158157753185653,999.9999841842247
2026-07-17 17:31:57.010714,900.0,0.00158157753185653,999.9999841842247
2026-07-17 17:31:57.160511,900.0,0.00158157753185653,999.9999841842247
2026-07-17 17:31:57.303986,900.0,0.00158157753185653,999.9999841842247
2026-07-17 17:31:57.448083,900.0,0.00158157753185653,999.9999841842247
2026-07-17 17:31:57.596203,900.0,0.00158157753185653,999.9999841842247
2026-07-17 17:31:57.786652,900.0,0.00158157753185653,1000.0
2026-07-17 17:31:57.941135,900.0,0.00158157753185653,1000.0
2026-07-17 17:31:58.085685,900.0,0.00158157753185653,1000.0
2026-07-17 17:31:58.243081,900.0,0.00158157753185653,1000.0
2026-07-17 17:31:58.387155,900.0,0.00158157753185653,1000.0
2026-07-17 17:31:58.534628,900.0,0.00158157753185653,1000.0
2026-07-17 17:31:58.680616,900.0,0.00158157753185653,1000.0
2026-07-17 17:31:58.828161,900.0,0.00158157753185653,999.9999841842247
2026-07-17 17:31:58.978031,900.0,0.00158157753185653,1000.0
2026-07-17 17:31:59.127842,900.0,0.00158157753185653,1000.0
2026-07-17 17:31:59.276076,900.0,0.00158157753185653,1000.0
2026-07-17 17:31:59.426115,900.0,0.00158157753185653,999.9999841842247
2026-07-17 17:31:59.576921,900.0,0.00158157753185653,999.9999841842247
2026-07-17 17:31:59.729180,900.0,0.00158157753185653,1000.0
2026-07-17 17:31:59.876655,900.0,0.00158157753185653,1000.0
2026-07-17 17:32:00.068267,900.0,0.00158157753185653,1000.0
2026-07-17 17:32:00.213346,900.0,0.00158157753185653,1000.0
2026-07-17 17:32:00.360730,900.0,0.00158157753185653,1000.0
2026-07-17 17:32:00.511503,900.0,0.00158157753185653,999.9999841842247
2026-07-17 17:32:00.662886,900.0,0.00158157753185653,999.9999841842247
2026-07-17 17:32:00.812899,900.0,0.00158157753185653,999.9999841842247
2026-07-17 17:32:00.964607,900.0,0.00158157753185653,999.9999841842247
2026-07-17 17:32:01.111859,900.0,0.00158157753185653,999.9999841842247
2026-07-17 17:32:01.251617,900.0,0.00158157753185653,999.9999841842247
2026-07-17 17:32:01.395737,900.0,0.00158157753185653,999.9999841842247
2026-07-17 17:32:01.541762,900.0,0.00158157753185653,1000.0
2026-07-17 17:32:01.688984,900.0,0.00158157753185653,1000.0
2026-07-17 17:32:01.829397,900.0,0.00158157753185653,1000.0
2026-07-17 17:32:01.973292,900.0,0.00158157753185653,1000.0
2026-07-17 17:32:02.162366,900.0,0.00158157753185653,999.9999841842247
2026-07-17 17:32:02.308461,900.0,0.00158157753185653,999.9999841842247
2026-07-17 17:32:02.464960,900.0,0.00158157753185653,1000.003131523513
2026-07-17 17:32:02.624196,910.0003131523513,0.001423419778670877,1000.003131523513
2026-07-17 17:32:02.789799,910.0003131523513,0.001423419778670877,1000.0145188817424
2026-07-17 17:32:02.924373,919.0017337252904,0.0012810778008037892,1000.0145316925204
2026-07-17 17:32:03.062686,919.0017337252904,0.0012810778008037892,1000.0145316925204
2026-07-17 17:32:03.206234,919.0017337252904,0.0012810778008037892,1000.0145316925204
2026-07-17 17:32:03.340416,919.0017337252904,0.0012810778008037892,1000.0145316925204
2026-07-17 17:32:03.479075,919.0017337252904,0.0012810778008037892,1000.0145316925204
2026-07-17 17:32:03.616346,919.0017337252904,0.0012810778008037892,1000.0145316925204
2026-07-17 17:32:03.747465,919.0017337252904,0.0012810778008037892,1000.0145316925204
2026-07-17 17:32:03.889841,919.0017337252904,0.0012810778008037892,1000.0145188817423
2026-07-17 17:32:04.032105,919.0017337252904,0.0012810778008037892,1000.0145316925204
2026-07-17 17:32:04.164198,919.0017337252904,0.0012810778008037892,1000.0145316925204
2026-07-17 17:32:04.306080,919.0017337252904,0.0012810778008037892,1000.0145316925204
2026-07-17 17:32:04.491700,919.0017337252904,0.0012810778008037892,1000.0145188817423
2026-07-17 17:32:04.626117,919.0017337252904,0.0012810778008037892,1000.0145316925204
2026-07-17 17:32:04.795593,919.0017337252904,0.0012810778008037892,1000.004295880892
2026-07-17 17:32:04.936013,827.1015603527613,0.002734504320466352,1000.004295880892
2026-07-17 17:32:05.077234,827.1015603527613,0.002734504320466352,1000.004295880892
2026-07-17 17:32:05.209285,827.1015603527613,0.002734504320466352,1000.004295880892
2026-07-17 17:32:05.350253,827.1015603527613,0.002734504320466352,1000.0042685358487
2026-07-17 17:32:05.492459,827.1015603527613,0.002734504320466352,1000.0042685358487
2026-07-17 17:32:05.625703,827.1015603527613,0.002734504320466352,1000.0042685358487
2026-07-17 17:32:05.765091,827.1015603527613,0.002734504320466352,1000.0042685358487
2026-07-17 17:32:05.897986,827.1015603527613,0.002734504320466352,1000.0042685358487
2026-07-17 17:32:06.043631,827.1015603527613,0.002734504320466352,1000.0042685358487
2026-07-17 17:32:06.178630,827.1015603527613,0.002734504320466352,1000.0042685358487
2026-07-17 17:32:06.317304,827.1015603527613,0.002734504320466352,1000.0042685358487
2026-07-17 17:32:06.452503,827.1015603527613,0.002734504320466352,1000.004295880892
2026-07-17 17:32:06.594655,827.1015603527613,0.002734504320466352,1000.004295880892
2026-07-17 17:32:06.774821,827.1015603527613,0.002734504320466352,1000.004295880892
2026-07-17 17:32:06.907590,827.1015603527613,0.002734504320466352,1000.004295880892
2026-07-17 17:32:07.053208,827.1015603527613,0.002734504320466352,1000.004295880892
2026-07-17 17:32:07.191129,827.1015603527613,0.002734504320466352,1000.0042685358487
2026-07-17 17:32:07.330705,827.1015603527613,0.002734504320466352,1000.0042685358487
2026-07-17 17:32:07.467833,827.1015603527613,0.002734504320466352,1000.0042685358487
2026-07-17 17:32:07.611111,827.1015603527613,0.002734504320466352,1000.0042685358487
2026-07-17 17:32:07.757034,827.1015603527613,0.002734504320466352,1000.0042685358487
2026-07-17 17:32:07.896188,827.1015603527613,0.002734504320466352,1000.004295880892
2026-07-17 17:32:08.036919,827.1015603527613,0.002734504320466352,1000.004295880892
2026-07-17 17:32:08.181005,827.1015603527613,0.002734504320466352,1000.004295880892
2026-07-17 17:32:08.314362,827.1015603527613,0.002734504320466352,1000.004295880892
2026-07-17 17:32:08.459714,827.1015603527613,0.002734504320466352,1000.004295880892
2026-07-17 17:32:08.598666,827.1015603527613,0.002734504320466352,1000.004295880892
2026-07-17 17:32:08.740946,827.1015603527613,0.002734504320466352,1000.004295880892
2026-07-17 17:32:08.878503,827.1015603527613,0.002734504320466352,1000.004295880892
2026-07-17 17:32:09.063837,827.1015603527613,0.002734504320466352,1000.004295880892
2026-07-17 17:32:09.207749,827.1015603527613,0.002734504320466352,1000.004295880892
2026-07-17 17:32:09.346731,827.1015603527613,0.002734504320466352,1000.004295880892
2026-07-17 17:32:09.487545,827.1015603527613,0.002734504320466352,1000.004295880892
2026-07-17 17:32:09.629168,827.1015603527613,0.002734504320466352,1000.004295880892
2026-07-17 17:32:09.778607,827.1015603527613,0.002734504320466352,1000.004295880892
2026-07-17 17:32:09.923842,827.1015603527613,0.002734504320466352,1000.0042685358487
2026-07-17 17:32:10.093705,827.1015603527613,0.002734504320466352,999.9870685036731
2026-07-17 17:32:10.234877,744.3914043174852,0.004042718533698636,999.9871089308584
2026-07-17 17:32:10.381749,744.3914043174852,0.004042718533698636,999.9873110667851
2026-07-17 17:32:10.521434,744.3914043174852,0.004042718533698636,999.9873110667851
2026-07-17 17:32:10.707089,744.3914043174852,0.004042718533698636,999.8669593360369
2026-07-17 17:32:10.905755,669.9522638857367,0.0052206648645488525,999.5968943425937
2026-07-17 17:32:11.059316,602.957037497163,0.006281685103266492,999.5786774557943
2026-07-17 17:32:11.192848,542.6613337474467,0.0072366471776380975,999.5164422900666
2026-07-17 17:32:11.521042,488.39520037270205,0.00809623012545807,999.3949178758835
2026-07-17 17:32:11.725274,439.5556803354318,0.008870038759581627,999.3948291754959
2026-07-17 17:32:11.864806,439.5556803354318,0.008870038759581627,999.3948291754959
2026-07-17 17:32:12.006456,439.5556803354318,0.008870038759581627,999.3948291754959
2026-07-17 17:32:12.159210,439.5556803354318,0.008870038759581627,999.3948291754959
2026-07-17 17:32:12.305934,439.5556803354318,0.008870038759581627,999.3948291754959
2026-07-17 17:32:12.449041,439.5556803354318,0.008870038759581627,999.3948291754959
2026-07-17 17:32:12.595687,439.5556803354318,0.008870038759581627,999.3948291754959
2026-07-17 17:32:12.742057,439.5556803354318,0.008870038759581627,999.3949178758835
2026-07-17 17:32:12.884051,439.5556803354318,0.008870038759581627,999.3948291754959
2026-07-17 17:32:13.026034,439.5556803354318,0.008870038759581627,999.3948291754959
2026-07-17 17:32:13.172538,439.5556803354318,0.008870038759581627,999.3948291754959
2026-07-17 17:32:13.329249,439.5556803354318,0.008870038759581627,999.4419290813092
2026-07-17 17:32:13.466249,495.54430521001956,0.007983034883623464,999.4419290813092
2026-07-17 17:32:13.608361,495.54430521001956,0.007983034883623464,999.4419290813092
2026-07-17 17:32:13.789733,495.54430521001956,0.007983034883623464,999.4420089116581
2026-07-17 17:32:13.938415,495.54430521001956,0.007983034883623464,999.4448029738674
2026-07-17 17:32:14.084655,495.54430521001956,0.007983034883623464,999.4479961878208
2026-07-17 17:32:14.226160,495.54430521001956,0.007983034883623464,999.4480760181697
2026-07-17 17:32:14.368950,495.54430521001956,0.007983034883623464,999.4480760181697
2026-07-17 17:32:14.508325,495.54430521001956,0.007983034883623464,999.4480760181697
2026-07-17 17:32:14.650806,495.54430521001956,0.007983034883623464,999.4479961878208
2026-07-17 17:32:14.798728,495.54430521001956,0.007983034883623464,999.4470382236348
2026-07-17 17:32:14.943184,495.54430521001956,0.007983034883623464,999.4194967532862
2026-07-17 17:32:15.085880,445.9898746890176,0.008768139516926858,999.3976640858891
2026-07-17 17:32:15.230954,401.3908872201158,0.009474761562972122,999.3976640858891
2026-07-17 17:32:15.379764,401.3908872201158,0.009474761562972122,999.3974745906579
2026-07-17 17:32:15.525311,401.3908872201158,0.009474761562972122,999.3975693382736
2026-07-17 17:32:15.668986,401.3908872201158,0.009474761562972122,999.3975693382736
2026-07-17 17:32:15.812980,401.3908872201158,0.009474761562972122,999.4550811409607
2026-07-17 17:32:15.997061,461.1973066122003,0.00852728540667491,999.4550811409608
2026-07-17 17:32:16.142380,461.1973066122003,0.00852728540667491,999.4550811409608
2026-07-17 17:32:16.283331,461.1973066122003,0.00852728540667491,999.4550811409608
2026-07-17 17:32:16.423780,461.1973066122003,0.00852728540667491,999.4551664138148
2026-07-17 17:32:16.566523,461.1973066122003,0.00852728540667491,999.4550811409608
2026-07-17 17:32:16.710885,461.1973066122003,0.00852728540667491,999.4550811409608
2026-07-17 17:32:16.855993,461.1973066122003,0.00852728540667491,999.4551664138148
2026-07-17 17:32:16.997709,461.1973066122003,0.00852728540667491,999.4551664138148
2026-07-17 17:32:17.141933,461.1973066122003,0.00852728540667491,999.4551664138148
2026-07-17 17:32:17.281509,461.1973066122003,0.00852728540667491,999.4550811409608
2026-07-17 17:32:17.445643,461.1973066122003,0.00852728540667491,999.5076944919199
2026-07-17 17:32:17.588275,515.0283454001723,0.0076745568660074185,999.5076944919199
2026-07-17 17:32:17.731152,515.0283454001723,0.0076745568660074185,999.5077712374886
2026-07-17 17:32:17.873045,515.0283454001723,0.0076745568660074185,999.5077712374886
2026-07-17 17:32:18.018913,515.0283454001723,0.0076745568660074185,999.5077712374886
2026-07-17 17:32:18.210743,515.0283454001723,0.0076745568660074185,999.5077712374886
2026-07-17 17:32:18.355584,515.0283454001723,0.0076745568660074185,999.5077712374886
2026-07-17 17:32:18.498471,515.0283454001723,0.0076745568660074185,999.5076944919199
2026-07-17 17:32:18.639869,515.0283454001723,0.0076745568660074185,999.5076944919199
2026-07-17 17:32:18.788438,515.0283454001723,0.0076745568660074185,999.5077712374886
2026-07-17 17:32:18.931371,515.0283454001723,0.0076745568660074185,999.5077712374886
2026-07-17 17:32:19.074348,515.0283454001723,0.0076745568660074185,999.5077712374886
2026-07-17 17:32:19.215964,515.0283454001723,0.0076745568660074185,999.5077712374886
2026-07-17 17:32:19.362673,515.0283454001723,0.0076745568660074185,999.5077712374886
2026-07-17 17:32:19.493629,515.0283454001723,0.0076745568660074185,999.5077712374886
2026-07-17 17:32:19.626983,515.0283454001723,0.0076745568660074185,999.5077712374886
2026-07-17 17:32:19.772645,515.0283454001723,0.0076745568660074185,999.5231203512205
2026-07-17 17:32:19.818528,563.4778228952771,0.006907101179406677,999.5783771606559
2026-07-17 17:32:19.947776,607.087878321815,0.006216391061466009,999.5783771606559
2026-07-17 17:32:20.091865,607.087878321815,0.006216391061466009,999.5783771606559
2026-07-17 17:32:20.222731,607.087878321815,0.006216391061466009,999.5783771606559
2026-07-17 17:32:20.402152,607.087878321815,0.006216391061466009,999.5783149967452
2026-07-17 17:32:20.542353,607.087878321815,0.006216391061466009,999.5783771606559
2026-07-17 17:32:20.677103,607.087878321815,0.006216391061466009,999.5783771606559
2026-07-17 17:32:20.811308,607.087878321815,0.006216391061466009,999.5783771606559
2026-07-17 17:32:20.948460,607.087878321815,0.006216391061466009,999.5783149967452
2026-07-17 17:32:21.078854,607.087878321815,0.006216391061466009,999.5783771606559
2026-07-17 17:32:21.237398,607.087878321815,0.006216391061466009,999.6405410712705
2026-07-17 17:32:21.377217,646.3431445967606,0.005594751955319408,999.6405410712705
2026-07-17 17:32:21.506972,646.3431445967606,0.005594751955319408,999.6405410712705
2026-07-17 17:32:21.644422,646.3431445967606,0.005594751955319408,999.6405410712705
2026-07-17 17:32:21.776591,646.3431445967606,0.005594751955319408,999.6405410712705
2026-07-17 17:32:21.913732,646.3431445967606,0.005594751955319408,999.6628641315722
2026-07-17 17:32:22.056440,681.6751165502417,0.005035276759787467,999.6628137788047
2026-07-17 17:32:22.193336,681.6751165502417,0.005035276759787467,999.6628641315722
2026-07-17 17:32:22.331999,681.6751165502417,0.005035276759787467,999.6628641315722
2026-07-17 17:32:22.467199,681.6751165502417,0.005035276759787467,999.6628641315722
2026-07-17 17:32:22.644058,681.6751165502417,0.005035276759787467,999.6629144843398
2026-07-17 17:32:22.772192,681.6751165502417,0.005035276759787467,999.6629144843398
2026-07-17 17:32:22.912596,681.6751165502417,0.005035276759787467,999.6729346850918
2026-07-17 17:32:23.056766,713.4748983637267,0.00453174908380872,999.6802308011166
2026-07-17 17:32:23.202112,742.0954316074657,0.004078574175427848,999.6818622307869
2026-07-17 17:32:23.329751,742.0954316074657,0.004078574175427848,999.6818622307869
2026-07-17 17:32:23.467845,742.0954316074657,0.004078574175427848,999.6818622307869
2026-07-17 17:32:23.603587,742.0954316074657,0.004078574175427848,999.6818622307869
2026-07-17 17:32:23.737892,742.0954316074657,0.004078574175427848,999.6818622307869
2026-07-17 17:32:23.884000,742.0954316074657,0.004078574175427848,999.6963411691097
2026-07-17 17:32:24.011052,767.8555225636301,0.0036707167578850634,999.6963411691097
2026-07-17 17:32:24.155491,767.8555225636301,0.0036707167578850634,999.6963411691097
2026-07-17 17:32:24.295866,767.8555225636301,0.0036707167578850634,999.6963411691097
2026-07-17 17:32:24.428801,767.8555225636301,0.0036707167578850634,999.6963411691097
2026-07-17 17:32:24.569800,767.8555225636301,0.0036707167578850634,999.6963411691097
2026-07-17 17:32:24.716455,767.8555225636301,0.0036707167578850634,999.6979562844831
2026-07-17 17:32:24.848747,767.8555225636301,0.0036707167578850634,999.6979562844831
2026-07-17 17:32:25.028520,767.8555225636301,0.0036707167578850634,999.6979562844831
2026-07-17 17:32:25.168060,767.8555225636301,0.0036707167578850634,999.6979562844831
2026-07-17 17:32:25.302754,767.8555225636301,0.0036707167578850634,999.6979562844831
2026-07-17 17:32:25.444521,767.8555225636301,0.0036707167578850634,999.6979562844831
2026-07-17 17:32:25.579097,767.8555225636301,0.0036707167578850634,999.6979562844831
2026-07-17 17:32:25.720146,767.8555225636301,0.0036707167578850634,999.6979562844831
2026-07-17 17:32:25.860206,767.8555225636301,0.0036707167578850634,999.6979562844831
2026-07-17 17:32:26.001517,767.8555225636301,0.0036707167578850634,999.6979562844831
2026-07-17 17:32:26.137418,767.8555225636301,0.0036707167578850634,999.6979562844831
2026-07-17 17:32:26.271793,767.8555225636301,0.0036707167578850634,999.6979562844831
2026-07-17 17:32:26.416942,767.8555225636301,0.0036707167578850634,999.6979562844831
2026-07-17 17:32:26.554918,767.8555225636301,0.0036707167578850634,999.6979929916506
2026-07-17 17:32:26.694395,767.8555225636301,0.0036707167578850634,999.6979562844831
2026-07-17 17:32:26.828449,767.8555225636301,0.0036707167578850634,999.6979562844831
2026-07-17 17:32:26.967173,767.8555225636301,0.0036707167578850634,999.6979562844831
2026-07-17 17:32:27.104812,767.8555225636301,0.0036707167578850634,999.6979562844831
2026-07-17 17:32:27.284903,767.8555225636301,0.0036707167578850634,999.6979562844831
2026-07-17 17:32:27.422819,767.8555225636301,0.0036707167578850634,999.6979929916506
2026-07-17 17:32:27.561871,767.8555225636301,0.0036707167578850634,999.6979929916506
2026-07-17 17:32:27.694977,767.8555225636301,0.0036707167578850634,999.6979929916506
2026-07-17 17:32:27.830299,767.8555225636301,0.0036707167578850634,999.6979929916506
2026-07-17 17:32:27.972066,767.8555225636301,0.0036707167578850634,999.6979562844831
2026-07-17 17:32:28.105876,767.8555225636301,0.0036707167578850634,999.6979562844831
2026-07-17 17:32:28.249188,767.8555225636301,0.0036707167578850634,999.6979562844831
2026-07-17 17:32:28.385085,767.8555225636301,0.0036707167578850634,999.6979562844831
2026-07-17 17:32:28.525456,767.8555225636301,0.0036707167578850634,999.6979562844831
2026-07-17 17:32:28.662779,767.8555225636301,0.0036707167578850634,999.6979562844831
2026-07-17 17:32:28.801950,767.8555225636301,0.0036707167578850634,999.6979562844831
2026-07-17 17:32:28.937911,767.8555225636301,0.0036707167578850634,999.6979562844831
2026-07-17 17:32:29.087507,767.8555225636301,0.0036707167578850634,999.6979929916506
2026-07-17 17:32:29.331866,767.8555225636301,0.0036707167578850634,999.6979562844831
2026-07-17 17:32:29.535164,767.8555225636301,0.0036707167578850634,999.6979562844831
2026-07-17 17:32:29.715294,767.8555225636301,0.0036707167578850634,999.6979562844831
2026-07-17 17:32:29.848540,767.8555225636301,0.0036707167578850634,999.6979562844831
2026-07-17 17:32:29.983914,767.8555225636301,0.0036707167578850634,999.6979562844831
2026-07-17 17:32:30.119168,767.8555225636301,0.0036707167578850634,999.6979929916506
2026-07-17 17:32:30.259444,767.8555225636301,0.0036707167578850634,999.6979562844831
2026-07-17 17:32:30.398610,767.8555225636301,0.0036707167578850634,999.6979929916506
2026-07-17 17:32:30.536507,767.8555225636301,0.0036707167578850634,999.6979929916506
2026-07-17 17:32:30.681606,767.8555225636301,0.0036707167578850634,999.6979929916506
2026-07-17 17:32:30.818562,767.8555225636301,0.0036707167578850634,999.6979929916506
2026-07-17 17:32:30.956167,767.8555225636301,0.0036707167578850634,999.6979929916506
2026-07-17 17:32:31.103366,767.8555225636301,0.0036707167578850634,999.6979562844831
2026-07-17 17:32:31.242587,767.8555225636301,0.0036707167578850634,999.6979562844831
2026-07-17 17:32:31.381324,767.8555225636301,0.0036707167578850634,999.6979562844831
2026-07-17 17:32:31.521163,767.8555225636301,0.0036707167578850634,999.6979562844831
2026-07-17 17:32:31.662606,767.8555225636301,0.0036707167578850634,999.6979929916506
2026-07-17 17:32:31.798991,767.8555225636301,0.0036707167578850634,999.6979929916506
2026-07-17 17:32:31.980118,767.8555225636301,0.0036707167578850634,999.6979929916506
2026-07-17 17:32:32.120317,767.8555225636301,0.0036707167578850634,999.6979929916506
2026-07-17 17:32:32.257749,767.8555225636301,0.0036707167578850634,999.6979929916506
2026-07-17 17:32:32.456353,767.8555225636301,0.0036707167578850634,999.7872648232025
2026-07-17 17:32:32.613292,791.0486967895873,0.003303645082096557,999.8609361085332
2026-07-17 17:32:32.765320,811.929920721482,0.002973280573886901,999.8838898345637
2026-07-17 17:32:32.924577,830.7253176327902,0.002675952516498211,999.8883051562159
2026-07-17 17:32:33.074018,847.6416163851327,0.00240835726484839,999.8883292397885
2026-07-17 17:32:33.219951,847.6416163851327,0.00240835726484839,999.8883292397885
2026-07-17 17:32:33.356440,847.6416163851327,0.00240835726484839,999.8883292397885
2026-07-17 17:32:33.503797,847.6416163851327,0.00240835726484839,999.8883051562159
2026-07-17 17:32:33.645582,847.6416163851327,0.00240835726484839,999.8883051562159
2026-07-17 17:32:33.786841,847.6416163851327,0.00240835726484839,999.8883051562159
2026-07-17 17:32:33.920542,847.6416163851327,0.00240835726484839,999.8883292397885
2026-07-17 17:32:34.065451,847.6416163851327,0.00240835726484839,999.8883292397885
2026-07-17 17:32:34.252036,847.6416163851327,0.00240835726484839,999.8883292397885
2026-07-17 17:32:34.395526,847.6416163851327,0.00240835726484839,999.8883051562159
2026-07-17 17:32:34.535389,847.6416163851327,0.00240835726484839,999.8883051562159
2026-07-17 17:32:34.680683,847.6416163851327,0.00240835726484839,999.8874622311732
2026-07-17 17:32:34.822262,847.6416163851327,0.00240835726484839,999.881104167994
2026-07-17 17:32:34.957818,762.8774547466194,0.0037492865300076655,999.881104167994
2026-07-17 17:32:35.100790,762.8774547466194,0.0037492865300076655,999.8811416608593
2026-07-17 17:32:35.237510,762.8774547466194,0.0037492865300076655,999.8811416608593
2026-07-17 17:32:35.382712,762.8774547466194,0.0037492865300076655,999.881104167994
2026-07-17 17:32:35.527953,762.8774547466194,0.0037492865300076655,999.881104167994
2026-07-17 17:32:35.664384,762.8774547466194,0.0037492865300076655,999.881104167994
2026-07-17 17:32:35.813544,762.8774547466194,0.0037492865300076655,999.8783296959617
2026-07-17 17:32:35.951571,686.5897092719574,0.004956136996589021,999.8783296959617
2026-07-17 17:32:36.098402,686.5897092719574,0.004956136996589021,999.8782801345917
2026-07-17 17:32:36.235257,686.5897092719574,0.004956136996589021,999.8782801345917
2026-07-17 17:32:36.377340,686.5897092719574,0.004956136996589021,999.8770906617126
2026-07-17 17:32:36.564592,686.5897092719574,0.004956136996589021,999.8770906617126
2026-07-17 17:32:36.706894,686.5897092719574,0.004956136996589021,999.8770411003427
2026-07-17 17:32:36.845766,686.5897092719574,0.004956136996589021,999.8770411003427
2026-07-17 17:32:36.983758,686.5897092719574,0.004956136996589021,999.8770411003427
2026-07-17 17:32:37.130414,686.5897092719574,0.004956136996589021,999.8770411003427
2026-07-17 17:32:37.264531,686.5897092719574,0.004956136996589021,999.8770411003427
2026-07-17 17:32:37.404403,686.5897092719574,0.004956136996589021,999.8770411003427
2026-07-17 17:32:37.547645,686.5897092719574,0.004956136996589021,999.8770411003427
2026-07-17 17:32:37.685813,686.5897092719574,0.004956136996589021,999.8770411003427
2026-07-17 17:32:37.820360,686.5897092719574,0.004956136996589021,999.8770906617126
2026-07-17 17:32:37.968383,686.5897092719574,0.004956136996589021,999.8770906617126
2026-07-17 17:32:38.223114,686.5897092719574,0.004956136996589021,999.8770411003427
2026-07-17 17:32:38.452016,686.5897092719574,0.004956136996589021,999.8770906617126
2026-07-17 17:32:38.598601,686.5897092719574,0.004956136996589021,999.8770906617126
2026-07-17 17:32:38.744897,686.5897092719574,0.004956136996589021,999.8770906617126
2026-07-17 17:32:38.931634,686.5897092719574,0.004956136996589021,999.8770906617126
2026-07-17 17:32:39.078455,686.5897092719574,0.004956136996589021,999.8770906617126
2026-07-17 17:32:39.223248,686.5897092719574,0.004956136996589021,999.8770411003427
2026-07-17 17:32:39.365446,686.5897092719574,0.004956136996589021,999.8770411003427
2026-07-17 17:32:39.509175,686.5897092719574,0.004956136996589021,999.8770411003427
2026-07-17 17:32:39.651001,686.5897092719574,0.004956136996589021,999.8770906617126
2026-07-17 17:32:39.791267,686.5897092719574,0.004956136996589021,999.8770411003427
2026-07-17 17:32:39.933745,686.5897092719574,0.004956136996589021,999.8671288263495
2026-07-17 17:32:40.079788,617.9307383447617,0.006042341251092988,999.8671288263495
2026-07-17 17:32:40.220534,617.9307383447617,0.006042341251092988,999.8671288263495
2026-07-17 17:32:40.359151,617.9307383447617,0.006042341251092988,999.8671288263495
2026-07-17 17:32:40.506693,617.9307383447617,0.006042341251092988,999.8671288263495
2026-07-17 17:32:40.647074,617.9307383447617,0.006042341251092988,999.8671288263495
2026-07-17 17:32:40.792624,617.9307383447617,0.006042341251092988,999.8671288263495
2026-07-17 17:32:40.942318,617.9307383447617,0.006042341251092988,999.8671288263495
2026-07-17 17:32:41.151548,617.9307383447617,0.006042341251092988,999.8309352022554
2026-07-17 17:32:41.295973,556.1376645102855,0.007020017728178479,999.818860771763
2026-07-17 17:32:41.443328,500.52389805925696,0.00789995050357362,999.818860771763
2026-07-17 17:32:41.590607,500.52389805925696,0.00789995050357362,999.8187817722578
2026-07-17 17:32:41.736766,500.52389805925696,0.00789995050357362,999.8187817722578
2026-07-17 17:32:41.874547,500.52389805925696,0.00789995050357362,999.8187817722578
2026-07-17 17:32:42.027661,500.52389805925696,0.00789995050357362,999.8187817722578
2026-07-17 17:32:42.170182,500.52389805925696,0.00789995050357362,999.8187817722578
2026-07-17 17:32:42.318779,500.52389805925696,0.00789995050357362,999.818860771763
2026-07-17 17:32:42.509012,500.52389805925696,0.00789995050357362,999.818860771763
2026-07-17 17:32:42.675234,500.52389805925696,0.00789995050357362,999.818860771763
2026-07-17 17:32:42.825922,500.52389805925696,0.00789995050357362,999.818860771763
2026-07-17 17:32:42.976527,500.52389805925696,0.00789995050357362,999.818860771763
2026-07-17 17:32:43.127294,500.52389805925696,0.00789995050357362,999.8187817722578
2026-07-17 17:32:43.285916,500.52389805925696,0.00789995050357362,999.818860771763
2026-07-17 17:32:43.491191,500.52389805925696,0.00789995050357362,999.818860771763
2026-07-17 17:32:43.634506,500.52389805925696,0.00789995050357362,999.7849699841026
2026-07-17 17:32:43.790487,450.47150825333125,0.008691943759783084,999.7676730160206
2026-07-17 17:32:43.941748,405.42435742799813,0.00940476013577475,999.7676730160206
2026-07-17 17:32:44.080746,405.42435742799813,0.00940476013577475,999.7675789684192
2026-07-17 17:32:44.277829,405.42435742799813,0.00940476013577475,999.7676730160206
2026-07-17 17:32:44.458269,405.42435742799813,0.00940476013577475,999.7675789684192
2026-07-17 17:32:44.625150,405.42435742799813,0.00940476013577475,999.7675789684192
2026-07-17 17:32:44.801929,405.42435742799813,0.00940476013577475,999.7675789684192
2026-07-17 17:32:44.988536,405.42435742799813,0.00940476013577475,999.7676730160206
2026-07-17 17:32:45.168456,405.42435742799813,0.00940476013577475,999.7675789684192
2026-07-17 17:32:45.324445,405.42435742799813,0.00940476013577475,999.7675789684192
2026-07-17 17:32:45.492197,405.42435742799813,0.00940476013577475,999.7675789684192
2026-07-17 17:32:45.651148,405.42435742799813,0.00940476013577475,999.7675789684192
2026-07-17 17:32:45.822140,405.42435742799813,0.00940476013577475,999.7676730160206
2026-07-17 17:32:46.055483,405.42435742799813,0.00940476013577475,999.7675789684192
2026-07-17 17:32:46.192082,405.42435742799813,0.00940476013577475,999.7675789684192
2026-07-17 17:32:46.327122,405.42435742799813,0.00940476013577475,999.7675789684192
2026-07-17 17:32:46.471888,405.42435742799813,0.00940476013577475,999.7675789684192
2026-07-17 17:32:46.632843,405.42435742799813,0.00940476013577475,999.7675789684192
2026-07-17 17:32:46.782506,405.42435742799813,0.00940476013577475,999.7675789684192
2026-07-17 17:32:46.926702,405.42435742799813,0.00940476013577475,999.7675789684192
2026-07-17 17:32:47.078997,405.42435742799813,0.00940476013577475,999.7675789684192
2026-07-17 17:32:47.238564,405.42435742799813,0.00940476013577475,999.7675789684192
2026-07-17 17:32:47.406118,405.42435742799813,0.00940476013577475,999.7676730160206
2026-07-17 17:32:47.541392,405.42435742799813,0.00940476013577475,999.7676730160206
2026-07-17 17:32:47.685637,405.42435742799813,0.00940476013577475,999.7676730160206
2026-07-17 17:32:47.825559,405.42435742799813,0.00940476013577475,999.7675789684192
2026-07-17 17:32:47.971599,405.42435742799813,0.00940476013577475,999.7675789684192
2026-07-17 17:32:48.110291,405.42435742799813,0.00940476013577475,999.7675789684192
2026-07-17 17:32:48.324099,405.42435742799813,0.00940476013577475,999.7675789684192
2026-07-17 17:32:48.487713,405.42435742799813,0.00940476013577475,999.7675789684192
2026-07-17 17:32:48.639700,405.42435742799813,0.00940476013577475,999.7675789684192
2026-07-17 17:32:48.783630,405.42435742799813,0.00940476013577475,999.7675789684192
2026-07-17 17:32:48.923047,405.42435742799813,0.00940476013577475,999.7675789684192
2026-07-17 17:32:49.089541,405.42435742799813,0.00940476013577475,999.7675789684192
2026-07-17 17:32:49.272446,405.42435742799813,0.00940476013577475,999.7675789684192
2026-07-17 17:32:49.413552,405.42435742799813,0.00940476013577475,999.7676730160206
2026-07-17 17:32:49.561335,405.42435742799813,0.00940476013577475,999.7675789684192
2026-07-17 17:32:49.700817,405.42435742799813,0.00940476013577475,999.7675789684192
2026-07-17 17:32:49.870584,405.42435742799813,0.00940476013577475,999.7675789684192
2026-07-17 17:32:50.004802,405.42435742799813,0.00940476013577475,999.7675789684192
2026-07-17 17:32:50.163433,405.42435742799813,0.00940476013577475,999.7675789684192
2026-07-17 17:32:50.362419,405.42435742799813,0.00940476013577475,999.7676730160206
2026-07-17 17:32:50.547509,405.42435742799813,0.00940476013577475,999.7675789684192
2026-07-17 17:32:50.748756,405.42435742799813,0.00940476013577475,999.7676730160206
2026-07-17 17:32:50.894845,405.42435742799813,0.00940476013577475,999.7676730160206
2026-07-17 17:32:51.035461,405.42435742799813,0.00940476013577475,999.7676730160206
2026-07-17 17:32:51.172649,405.42435742799813,0.00940476013577475,999.7675789684192
2026-07-17 17:32:51.298291,405.42435742799813,0.00940476013577475,999.7675789684192
2026-07-17 17:32:51.438505,405.42435742799813,0.00940476013577475,999.7676730160206
2026-07-17 17:32:51.571487,405.42435742799813,0.00940476013577475,999.7676730160206
2026-07-17 17:32:51.716255,405.42435742799813,0.00940476013577475,999.7675789684192
2026-07-17 17:32:51.861902,405.42435742799813,0.00940476013577475,999.748863495749
2026-07-17 17:32:52.005057,364.88192168519834,0.010046315177823829,999.7488634957492
2026-07-17 17:32:52.178331,364.88192168519834,0.010046315177823829,999.7488634957492
2026-07-17 17:32:52.301079,364.88192168519834,0.010046315177823829,999.7488634957492
2026-07-17 17:32:52.457454,364.88192168519834,0.010046315177823829,999.7487630325974
2026-07-17 17:32:52.617821,364.88192168519834,0.010046315177823829,999.7487630325974
2026-07-17 17:32:52.752859,364.88192168519834,0.010046315177823829,999.7487630325974
2026-07-17 17:32:52.892948,364.88192168519834,0.010046315177823829,999.7487630325974
2026-07-17 17:32:53.032221,364.88192168519834,0.010046315177823829,999.7487630325974
2026-07-17 17:32:53.231900,364.88192168519834,0.010046315177823829,999.7488634957492
2026-07-17 17:32:53.370557,364.88192168519834,0.010046315177823829,999.7488634957492
2026-07-17 17:32:53.498366,364.88192168519834,0.010046315177823829,999.7488634957492
2026-07-17 17:32:53.633344,364.88192168519834,0.010046315177823829,999.7488634957492
2026-07-17 17:32:53.760974,364.88192168519834,0.010046315177823829,999.7487630325974
2026-07-17 17:32:53.894498,364.88192168519834,0.010046315177823829,999.7487630325974
2026-07-17 17:32:54.042683,364.88192168519834,0.010046315177823829,999.7487630325974
2026-07-17 17:32:54.168211,364.88192168519834,0.010046315177823829,999.7487630325974
2026-07-17 17:32:54.304833,364.88192168519834,0.010046315177823829,999.7488634957492
2026-07-17 17:32:54.441297,364.88192168519834,0.010046315177823829,999.7488634957492
2026-07-17 17:32:54.580806,364.88192168519834,0.010046315177823829,999.7487630325974
2026-07-17 17:32:54.701776,364.88192168519834,0.010046315177823829,999.7487630325974
2026-07-17 17:32:54.831939,364.88192168519834,0.010046315177823829,999.7487630325974
2026-07-17 17:32:54.952760,364.88192168519834,0.010046315177823829,999.7487630325974
2026-07-17 17:32:55.090148,364.88192168519834,0.010046315177823829,999.7487630325974
2026-07-17 17:32:55.206400,364.88192168519834,0.010046315177823829,999.7487630325974
2026-07-17 17:32:55.381975,364.88192168519834,0.010046315177823829,999.7487630325974
2026-07-17 17:32:55.502829,364.88192168519834,0.010046315177823829,999.7487630325974
2026-07-17 17:32:55.632163,364.88192168519834,0.010046315177823829,999.7487630325974
2026-07-17 17:32:55.753372,364.88192168519834,0.010046315177823829,999.7487630325974
2026-07-17 17:32:55.876610,364.88192168519834,0.010046315177823829,999.7488634957492
2026-07-17 17:32:55.999347,364.88192168519834,0.010046315177823829,999.7488634957492
2026-07-17 17:32:56.124776,364.88192168519834,0.010046315177823829,999.7488634957492
2026-07-17 17:32:56.247427,364.88192168519834,0.010046315177823829,999.7488634957492
2026-07-17 17:32:56.372039,364.88192168519834,0.010046315177823829,999.7488634957492
2026-07-17 17:32:56.498495,364.88192168519834,0.010046315177823829,999.7488634957492
2026-07-17 17:32:56.621346,364.88192168519834,0.010046315177823829,999.7488634957492
2026-07-17 17:32:56.746043,364.88192168519834,0.010046315177823829,999.7488634957492
2026-07-17 17:32:56.871671,364.88192168519834,0.010046315177823829,999.7488634957492
2026-07-17 17:32:56.999713,364.88192168519834,0.010046315177823829,999.7488634957492
2026-07-17 17:32:57.118877,364.88192168519834,0.010046315177823829,999.7488634957492
2026-07-17 17:32:57.245445,364.88192168519834,0.010046315177823829,999.7488634957492
2026-07-17 17:32:57.367969,364.88192168519834,0.010046315177823829,999.7488634957492
2026-07-17 17:32:57.540857,364.88192168519834,0.010046315177823829,999.7488634957492
2026-07-17 17:32:57.662390,364.88192168519834,0.010046315177823829,999.7488634957492
2026-07-17 17:32:57.854993,364.88192168519834,0.010046315177823829,999.7488634957492
2026-07-17 17:32:58.058332,364.88192168519834,0.010046315177823829,999.7487630325974
2026-07-17 17:32:58.214212,364.88192168519834,0.010046315177823829,999.7487630325974
2026-07-17 17:32:58.332455,364.88192168519834,0.010046315177823829,999.7487630325974
2026-07-17 17:32:58.461833,364.88192168519834,0.010046315177823829,999.7487630325974
2026-07-17 17:32:58.580971,364.88192168519834,0.010046315177823829,999.7487630325974
2026-07-17 17:32:58.709385,364.88192168519834,0.010046315177823829,999.7487630325974
2026-07-17 17:32:58.830192,364.88192168519834,0.010046315177823829,999.7487630325974
2026-07-17 17:32:58.956174,364.88192168519834,0.010046315177823829,999.7487630325974
2026-07-17 17:32:59.078759,364.88192168519834,0.010046315177823829,999.7487630325974
2026-07-17 17:32:59.211508,364.88192168519834,0.010046315177823829,999.7487630325974
2026-07-17 17:32:59.333778,364.88192168519834,0.010046315177823829,999.7487630325974
2026-07-17 17:32:59.462565,364.88192168519834,0.010046315177823829,999.7487630325974
2026-07-17 17:32:59.583318,364.88192168519834,0.010046315177823829,999.7487630325974
2026-07-17 17:32:59.758385,364.88192168519834,0.010046315177823829,999.7487630325974
2026-07-17 17:32:59.879576,364.88192168519834,0.010046315177823829,999.7487630325974
2026-07-17 17:33:00.011654,364.88192168519834,0.010046315177823829,999.7487630325974
2026-07-17 17:33:00.135907,364.88192168519834,0.010046315177823829,999.7487630325974
2026-07-17 17:33:00.263310,364.88192168519834,0.010046315177823829,999.7487630325974
2026-07-17 17:33:00.383762,364.88192168519834,0.010046315177823829,999.7487630325974
2026-07-17 17:33:00.580081,364.88192168519834,0.010046315177823829,999.7487630325974
2026-07-17 17:33:00.731665,364.88192168519834,0.010046315177823829,999.7487630325974
2026-07-17 17:33:00.850674,364.88192168519834,0.010046315177823829,999.7487630325974
2026-07-17 17:33:00.980357,364.88192168519834,0.010046315177823829,999.7488634957492
2026-07-17 17:33:01.099762,364.88192168519834,0.010046315177823829,999.7488634957492
2026-07-17 17:33:01.228284,364.88192168519834,0.010046315177823829,999.7488634957492
2026-07-17 17:33:01.349974,364.88192168519834,0.010046315177823829,999.7488634957492
2026-07-17 17:33:01.480761,364.88192168519834,0.010046315177823829,999.7487630325974
2026-07-17 17:33:01.599720,364.88192168519834,0.010046315177823829,999.7487630325974
2026-07-17 17:33:01.731406,364.88192168519834,0.010046315177823829,999.7487630325974
2026-07-17 17:33:01.911318,364.88192168519834,0.010046315177823829,999.792866356228
2026-07-17 17:33:02.048798,428.3730161523013,0.009041683660041445,999.8254164174041
2026-07-17 17:33:02.228270,485.5182561788116,0.008137515294037301,999.8416914479923
2026-07-17 17:33:02.361869,536.9505997057297,0.0073237637646335705,999.8416914479922
2026-07-17 17:33:02.511327,536.9505997057297,0.0073237637646335705,999.8417646856299
2026-07-17 17:33:02.634258,536.9505997057297,0.0073237637646335705,999.8417646856299
2026-07-17 17:33:02.763052,536.9505997057297,0.0073237637646335705,999.8417646856299
2026-07-17 17:33:02.901361,536.9505997057297,0.0073237637646335705,999.8417646856299
2026-07-17 17:33:03.023362,536.9505997057297,0.0073237637646335705,999.8417646856299
2026-07-17 17:33:03.159955,536.9505997057297,0.0073237637646335705,999.8417646856299
2026-07-17 17:33:03.300080,536.9505997057297,0.0073237637646335705,999.88563403058
2026-07-17 17:33:03.437217,583.2441031382148,0.006591387388170214,999.8856340305801
2026-07-17 17:33:03.593639,583.2441031382148,0.006591387388170214,999.8856340305801
2026-07-17 17:33:03.728911,583.2441031382148,0.006591387388170214,999.885699944454
2026-07-17 17:33:03.874841,583.2441031382148,0.006591387388170214,999.885699944454
2026-07-17 17:33:04.016160,583.2441031382148,0.006591387388170214,999.885699944454
2026-07-17 17:33:04.240472,583.2441031382148,0.006591387388170214,999.885699944454
2026-07-17 17:33:04.380482,583.2441031382148,0.006591387388170214,999.885699944454
2026-07-17 17:33:04.526784,583.2441031382148,0.006591387388170214,999.885699944454
2026-07-17 17:33:04.674136,583.2441031382148,0.006591387388170214,999.885699944454
2026-07-17 17:33:04.809029,583.2441031382148,0.006591387388170214,999.8856340305801
2026-07-17 17:33:04.951165,583.2441031382148,0.006591387388170214,999.8856340305801
2026-07-17 17:33:05.090690,583.2441031382148,0.006591387388170214,999.8856340305801
2026-07-17 17:33:05.218170,583.2441031382148,0.006591387388170214,999.8856340305801
2026-07-17 17:33:05.353054,583.2441031382148,0.006591387388170214,999.885699944454
2026-07-17 17:33:05.478878,583.2441031382148,0.006591387388170214,999.885699944454
2026-07-17 17:33:05.610876,583.2441031382148,0.006591387388170214,999.885699944454
2026-07-17 17:33:05.733910,583.2441031382148,0.006591387388170214,999.885699944454
2026-07-17 17:33:05.869828,583.2441031382148,0.006591387388170214,999.885699944454
2026-07-17 17:33:06.004916,583.2441031382148,0.006591387388170214,999.885699944454
2026-07-17 17:33:06.134108,583.2441031382148,0.006591387388170214,999.8856340305801
2026-07-17 17:33:06.269772,583.2441031382148,0.006591387388170214,999.8856340305801
2026-07-17 17:33:06.454762,583.2441031382148,0.006591387388170214,999.8856340305801
2026-07-17 17:33:06.576686,583.2441031382148,0.006591387388170214,999.8856340305801
2026-07-17 17:33:06.706551,583.2441031382148,0.006591387388170214,999.8856340305801
2026-07-17 17:33:06.829656,583.2441031382148,0.006591387388170214,999.8856340305801
2026-07-17 17:33:06.955692,583.2441031382148,0.006591387388170214,999.8856340305801
2026-07-17 17:33:07.089920,583.2441031382148,0.006591387388170214,999.8856340305801
2026-07-17 17:33:07.211979,583.2441031382148,0.006591387388170214,999.8856340305801
2026-07-17 17:33:07.335970,583.2441031382148,0.006591387388170214,999.8856340305801
2026-07-17 17:33:07.472206,583.2441031382148,0.006591387388170214,999.8856340305801
2026-07-17 17:33:07.595098,583.2441031382148,0.006591387388170214,999.885699944454
2026-07-17 17:33:07.725891,583.2441031382148,0.006591387388170214,999.885699944454
2026-07-17 17:33:07.851112,583.2441031382148,0.006591387388170214,999.885699944454
2026-07-17 17:33:07.976380,583.2441031382148,0.006591387388170214,999.8856340305801
2026-07-17 17:33:08.104188,583.2441031382148,0.006591387388170214,999.8856340305801
2026-07-17 17:33:08.241567,583.2441031382148,0.006591387388170214,999.8856340305801
2026-07-17 17:33:08.367542,583.2441031382148,0.006591387388170214,999.8856340305801
2026-07-17 17:33:08.500783,583.2441031382148,0.006591387388170214,999.885699944454
2026-07-17 17:33:08.673463,583.2441031382148,0.006591387388170214,999.885699944454
2026-07-17 17:33:08.800209,583.2441031382148,0.006591387388170214,999.885699944454
2026-07-17 17:33:08.927183,583.2441031382148,0.006591387388170214,999.885699944454
2026-07-17 17:33:09.063798,583.2441031382148,0.006591387388170214,999.8856340305801
2026-07-17 17:33:09.187588,583.2441031382148,0.006591387388170214,999.8856340305801
2026-07-17 17:33:09.317675,583.2441031382148,0.006591387388170214,999.8856340305801
2026-07-17 17:33:09.437853,583.2441031382148,0.006591387388170214,999.885699944454
2026-07-17 17:33:09.571281,583.2441031382148,0.006591387388170214,999.885699944454
2026-07-17 17:33:09.694120,583.2441031382148,0.006591387388170214,999.885699944454
2026-07-17 17:33:09.818824,583.2441031382148,0.006591387388170214,999.885699944454
2026-07-17 17:33:09.948938,583.2441031382148,0.006591387388170214,999.8856340305801
2026-07-17 17:33:10.074358,583.2441031382148,0.006591387388170214,999.8856340305801
2026-07-17 17:33:10.200127,583.2441031382148,0.006591387388170214,999.885699944454
2026-07-17 17:33:10.333507,583.2441031382148,0.006591387388170214,999.885699944454
2026-07-17 17:33:10.468328,583.2441031382148,0.006591387388170214,999.885699944454
2026-07-17 17:33:10.602447,583.2441031382148,0.006591387388170214,999.885699944454
2026-07-17 17:33:10.791256,583.2441031382148,0.006591387388170214,999.885699944454
2026-07-17 17:33:10.919269,583.2441031382148,0.006591387388170214,999.885699944454
2026-07-17 17:33:11.053944,583.2441031382148,0.006591387388170214,999.885699944454
2026-07-17 17:33:11.179101,583.2441031382148,0.006591387388170214,999.885699944454
2026-07-17 17:33:11.310228,583.2441031382148,0.006591387388170214,999.885699944454
2026-07-17 17:33:11.436119,583.2441031382148,0.006591387388170214,999.885699944454
2026-07-17 17:33:11.566452,583.2441031382148,0.006591387388170214,999.885699944454
2026-07-17 17:33:11.692969,583.2441031382148,0.006591387388170214,999.8856340305801
2026-07-17 17:33:11.829662,583.2441031382148,0.006591387388170214,999.8856340305801
2026-07-17 17:33:11.970006,583.2441031382148,0.006591387388170214,999.885699944454
2026-07-17 17:33:12.124317,583.2441031382148,0.006591387388170214,999.885699944454
2026-07-17 17:33:12.280867,583.2441031382148,0.006591387388170214,999.9023102406721
2026-07-17 17:33:12.418719,624.9099238484605,0.005932248649353192,999.9110306461866
2026-07-17 17:33:12.605443,662.4100345282332,0.005339023784417873,999.9110306461866
2026-07-17 17:33:12.762350,662.4100345282332,0.005339023784417873,999.9110306461866
2026-07-17 17:33:12.896440,662.4100345282332,0.005339023784417873,999.9110306461866
2026-07-17 17:33:13.093390,662.4100345282332,0.005339023784417873,999.9110306461866
2026-07-17 17:33:13.258170,662.4100345282332,0.005339023784417873,999.9110306461866
2026-07-17 17:33:13.412923,662.4100345282332,0.005339023784417873,999.9110306461866
2026-07-17 17:33:13.547778,662.4100345282332,0.005339023784417873,999.9110306461866
2026-07-17 17:33:13.690210,662.4100345282332,0.005339023784417873,999.9110840364245
2026-07-17 17:33:13.831179,662.4100345282332,0.005339023784417873,999.9110840364245
2026-07-17 17:33:13.970544,662.4100345282332,0.005339023784417873,999.9110840364245
2026-07-17 17:33:14.096667,662.4100345282332,0.005339023784417873,999.9110840364245
2026-07-17 17:33:14.240126,662.4100345282332,0.005339023784417873,999.9110840364245
2026-07-17 17:33:14.378822,662.4100345282332,0.005339023784417873,999.9110840364245
2026-07-17 17:33:14.514112,662.4100345282332,0.005339023784417873,999.9110840364245
2026-07-17 17:33:14.655717,662.4100345282332,0.005339023784417873,999.9110840364245
2026-07-17 17:33:14.868071,662.4100345282332,0.005339023784417873,999.9110840364245
2026-07-17 17:33:15.078564,662.4100345282332,0.005339023784417873,999.9110840364245
2026-07-17 17:33:15.245640,662.4100345282332,0.005339023784417873,999.9110840364245
2026-07-17 17:33:15.434663,662.4100345282332,0.005339023784417873,999.9110840364245
2026-07-17 17:33:15.578606,662.4100345282332,0.005339023784417873,999.9110840364245
2026-07-17 17:33:15.713395,662.4100345282332,0.005339023784417873,999.9110840364245
2026-07-17 17:33:15.855447,662.4100345282332,0.005339023784417873,999.9110840364245
2026-07-17 17:33:16.044910,662.4100345282332,0.005339023784417873,999.9217620839934
2026-07-17 17:33:16.236787,696.1612072838092,0.004805121405976085,999.9217620839934
2026-07-17 17:33:16.432109,696.1612072838092,0.004805121405976085,999.9217140327793
2026-07-17 17:33:16.595947,696.1612072838092,0.004805121405976085,999.9217140327793
2026-07-17 17:33:16.750292,696.1612072838092,0.004805121405976085,999.9217620839934
2026-07-17 17:33:16.908976,696.1612072838092,0.004805121405976085,999.9217140327793
2026-07-17 17:33:17.066121,696.1612072838092,0.004805121405976085,999.9217140327793
2026-07-17 17:33:17.214812,696.1612072838092,0.004805121405976085,999.9217620839934
2026-07-17 17:33:17.362367,696.1612072838092,0.004805121405976085,999.9217620839934
2026-07-17 17:33:17.512387,696.1612072838092,0.004805121405976085,999.9217140327793
2026-07-17 17:33:17.660592,696.1612072838092,0.004805121405976085,999.9217140327793
2026-07-17 17:33:17.821670,696.1612072838092,0.004805121405976085,999.9409345184032
2026-07-17 17:33:18.014788,726.5391800072686,0.004324609265378476,999.9409345184031
2026-07-17 17:33:18.182421,726.5391800072686,0.004324609265378476,999.9409345184031
2026-07-17 17:33:18.316558,726.5391800072686,0.004324609265378476,999.9409345184031
2026-07-17 17:33:18.463826,726.5391800072686,0.004324609265378476,999.9409345184031
2026-07-17 17:33:18.612788,726.5391800072686,0.004324609265378476,999.9409345184031
2026-07-17 17:33:18.773232,726.5391800072686,0.004324609265378476,999.9409345184031
2026-07-17 17:33:18.922647,726.5391800072686,0.004324609265378476,999.9409345184031
2026-07-17 17:33:19.086531,726.5391800072686,0.004324609265378476,999.9409345184031
2026-07-17 17:33:19.241058,726.5391800072686,0.004324609265378476,999.9409345184031
2026-07-17 17:33:19.391413,726.5391800072686,0.004324609265378476,999.9409777644958
2026-07-17 17:33:19.525868,726.5391800072686,0.004324609265378476,999.9409777644958
2026-07-17 17:33:19.674606,726.5391800072686,0.004324609265378476,999.9409777644958
2026-07-17 17:33:19.800033,726.5391800072686,0.004324609265378476,999.9409777644958
2026-07-17 17:33:19.926640,726.5391800072686,0.004324609265378476,999.9409777644958
2026-07-17 17:33:20.057754,726.5391800072686,0.004324609265378476,999.9409777644958
2026-07-17 17:33:20.234206,726.5391800072686,0.004324609265378476,999.9409345184031
2026-07-17 17:33:20.355030,726.5391800072686,0.004324609265378476,999.9409777644958
2026-07-17 17:33:20.489868,726.5391800072686,0.004324609265378476,999.9409777644958
2026-07-17 17:33:20.622271,726.5391800072686,0.004324609265378476,999.9409777644958
2026-07-17 17:33:20.754139,726.5391800072686,0.004324609265378476,999.9409777644958
2026-07-17 17:33:20.922152,726.5391800072686,0.004324609265378476,999.9677038497559
2026-07-17 17:33:21.074247,753.8820323915173,0.0038921483388406285,999.9677038497559
2026-07-17 17:33:21.223432,753.8820323915173,0.0038921483388406285,999.9677038497559
2026-07-17 17:33:21.376129,753.8820323915173,0.0038921483388406285,999.9677038497559
2026-07-17 17:33:21.545022,753.8820323915173,0.0038921483388406285,999.9747875597326
2026-07-17 17:33:21.721419,778.4913079083389,0.003502933504956566,999.9817583974075
2026-07-17 17:33:21.877655,800.6403529572457,0.0031526401544609093,999.9817583974075
2026-07-17 17:33:22.035919,800.6403529572457,0.0031526401544609093,999.9817583974075
2026-07-17 17:33:22.161377,800.6403529572457,0.0031526401544609093,999.9817583974075
2026-07-17 17:33:22.304639,800.6403529572457,0.0031526401544609093,999.9817583974075
2026-07-17 17:33:22.439745,800.6403529572457,0.0031526401544609093,999.9817583974075
2026-07-17 17:33:22.636676,800.6403529572457,0.0031526401544609093,999.9817583974075
2026-07-17 17:33:22.788453,800.6403529572457,0.0031526401544609093,999.9817583974075
2026-07-17 17:33:22.936030,800.6403529572457,0.0031526401544609093,999.9817583974075
2026-07-17 17:33:23.088111,800.6403529572457,0.0031526401544609093,999.9817583974075
2026-07-17 17:33:23.247216,800.6403529572457,0.0031526401544609093,999.9817583974075
2026-07-17 17:33:23.372464,800.6403529572457,0.0031526401544609093,999.981789923809
2026-07-17 17:33:23.510766,800.6403529572457,0.0031526401544609093,999.981789923809
2026-07-17 17:33:23.666639,800.6403529572457,0.0031526401544609093,999.981789923809
2026-07-17 17:33:23.791771,800.6403529572457,0.0031526401544609093,999.981789923809
2026-07-17 17:33:23.956690,800.6403529572457,0.0031526401544609093,999.981789923809
2026-07-17 17:33:24.089763,800.6403529572457,0.0031526401544609093,999.981789923809
2026-07-17 17:33:24.268642,800.6403529572457,0.0031526401544609093,999.981789923809
2026-07-17 17:33:24.401752,800.6403529572457,0.0031526401544609093,999.981789923809
2026-07-17 17:33:24.560427,800.6403529572457,0.0031526401544609093,999.981789923809
2026-07-17 17:33:24.686067,800.6403529572457,0.0031526401544609093,999.981789923809
2026-07-17 17:33:24.897836,800.6403529572457,0.0031526401544609093,999.9817583974075
2026-07-17 17:33:25.037962,800.6403529572457,0.0031526401544609093,999.9817583974075
2026-07-17 17:33:25.189803,800.6403529572457,0.0031526401544609093,999.9817583974075
2026-07-17 17:33:25.321223,800.6403529572457,0.0031526401544609093,999.981789923809
2026-07-17 17:33:25.471309,800.6403529572457,0.0031526401544609093,999.981789923809
2026-07-17 17:33:25.607953,800.6403529572457,0.0031526401544609093,999.9817583974075
2026-07-17 17:33:25.746820,800.6403529572457,0.0031526401544609093,999.9817583974075
2026-07-17 17:33:25.885543,800.6403529572457,0.0031526401544609093,999.9817583974075
2026-07-17 17:33:26.019098,800.6403529572457,0.0031526401544609093,999.981789923809
2026-07-17 17:33:26.183559,800.6403529572457,0.0031526401544609093,999.9817583974075
2026-07-17 17:33:26.372783,800.6403529572457,0.0031526401544609093,999.9817583974075
2026-07-17 17:33:26.532597,800.6403529572457,0.0031526401544609093,999.9817583974075
2026-07-17 17:33:26.674060,800.6403529572457,0.0031526401544609093,999.9817583974075
2026-07-17 17:33:26.806325,800.6403529572457,0.0031526401544609093,999.9817583974075
2026-07-17 17:33:27.479759,800.6403529572457,0.0031526401544609093,999.9817583974075
2026-07-17 17:33:27.697354,800.6403529572457,0.0031526401544609093,999.9817583974075
2026-07-17 17:33:27.916799,800.6403529572457,0.0031526401544609093,999.9817583974075
2026-07-17 17:33:28.047295,800.6403529572457,0.0031526401544609093,999.9817583974075
2026-07-17 17:33:28.184202,800.6403529572457,0.0031526401544609093,999.9817583974075
2026-07-17 17:33:28.316794,800.6403529572457,0.0031526401544609093,999.9817583974075
2026-07-17 17:33:28.451807,800.6403529572457,0.0031526401544609093,999.9817583974075
2026-07-17 17:33:28.584253,800.6403529572457,0.0031526401544609093,999.9817583974075
2026-07-17 17:33:28.717400,800.6403529572457,0.0031526401544609093,999.9817583974075
2026-07-17 17:33:28.848776,800.6403529572457,0.0031526401544609093,999.981789923809
2026-07-17 17:33:28.980559,800.6403529572457,0.0031526401544609093,999.981789923809
2026-07-17 17:33:29.115186,800.6403529572457,0.0031526401544609093,999.981789923809
2026-07-17 17:33:29.246597,800.6403529572457,0.0031526401544609093,999.981789923809
2026-07-17 17:33:29.376963,800.6403529572457,0.0031526401544609093,999.981789923809
2026-07-17 17:33:29.515272,800.6403529572457,0.0031526401544609093,999.981789923809
2026-07-17 17:33:29.643994,800.6403529572457,0.0031526401544609093,999.981789923809
2026-07-17 17:33:29.777849,800.6403529572457,0.0031526401544609093,999.981789923809
2026-07-17 17:33:29.960347,800.6403529572457,0.0031526401544609093,999.981789923809
2026-07-17 17:33:30.091394,800.6403529572457,0.0031526401544609093,999.981789923809
2026-07-17 17:33:30.233765,800.6403529572457,0.0031526401544609093,999.9817583974075
2026-07-17 17:33:30.361077,800.6403529572457,0.0031526401544609093,999.9817583974075
2026-07-17 17:33:30.495825,800.6403529572457,0.0031526401544609093,999.9817583974075
2026-07-17 17:33:30.629874,800.6403529572457,0.0031526401544609093,999.9817583974075
2026-07-17 17:33:30.761971,800.6403529572457,0.0031526401544609093,999.9817583974075
2026-07-17 17:33:30.888854,800.6403529572457,0.0031526401544609093,999.9817583974075
2026-07-17 17:33:31.030746,800.6403529572457,0.0031526401544609093,999.981789923809
2026-07-17 17:33:31.157499,800.6403529572457,0.0031526401544609093,999.981789923809
2026-07-17 17:33:31.289816,800.6403529572457,0.0031526401544609093,999.981789923809
2026-07-17 17:33:31.417776,800.6403529572457,0.0031526401544609093,999.981789923809
2026-07-17 17:33:31.644714,800.6403529572457,0.0031526401544609093,999.9860144616159
2026-07-17 17:33:31.850023,820.5749191076827,0.0028373761390148183,999.9860144616159
2026-07-17 17:33:32.008458,820.5749191076827,0.0028373761390148183,999.9860144616159
2026-07-17 17:33:32.211944,820.5749191076827,0.0028373761390148183,999.9878871298677
2026-07-17 17:33:32.357893,838.5162159099012,0.0025536385251133365,999.9878871298677
2026-07-17 17:33:32.501481,838.5162159099012,0.0025536385251133365,999.9878871298677
2026-07-17 17:33:32.634656,838.5162159099012,0.0025536385251133365,999.9878615934824
2026-07-17 17:33:32.776143,838.5162159099012,0.0025536385251133365,999.9878615934824
2026-07-17 17:33:32.924532,838.5162159099012,0.0025536385251133365,999.9878615934824
2026-07-17 17:33:33.070042,838.5162159099012,0.0025536385251133365,999.9878871298677
2026-07-17 17:33:33.216129,838.5162159099012,0.0025536385251133365,999.9878871298677
2026-07-17 17:33:33.357008,838.5162159099012,0.0025536385251133365,999.9878871298677
2026-07-17 17:33:33.506415,838.5162159099012,0.0025536385251133365,999.9878871298677
2026-07-17 17:33:33.644186,838.5162159099012,0.0025536385251133365,999.9878615934824
2026-07-17 17:33:33.780573,838.5162159099012,0.0025536385251133365,999.9878615934824
2026-07-17 17:33:33.911661,838.5162159099012,0.0025536385251133365,999.9878615934824
2026-07-17 17:33:34.043835,838.5162159099012,0.0025536385251133365,999.9878615934824
2026-07-17 17:33:34.187510,838.5162159099012,0.0025536385251133365,999.9878615934824
2026-07-17 17:33:34.370329,838.5162159099012,0.0025536385251133365,999.9878615934824
2026-07-17 17:33:34.498189,838.5162159099012,0.0025536385251133365,999.9878615934824
2026-07-17 17:33:34.636043,838.5162159099012,0.0025536385251133365,999.9878615934824
2026-07-17 17:33:34.772891,838.5162159099012,0.0025536385251133365,999.9878615934824
2026-07-17 17:33:34.906982,838.5162159099012,0.0025536385251133365,999.9878615934824
2026-07-17 17:33:35.044220,838.5162159099012,0.0025536385251133365,999.9878871298677
2026-07-17 17:33:35.171129,838.5162159099012,0.0025536385251133365,999.9878871298677
2026-07-17 17:33:35.301934,838.5162159099012,0.0025536385251133365,999.9878871298677
2026-07-17 17:33:35.439143,838.5162159099012,0.0025536385251133365,999.9878615934824
2026-07-17 17:33:35.655733,838.5162159099012,0.0025536385251133365,999.9878615934824
2026-07-17 17:33:35.851613,838.5162159099012,0.0025536385251133365,999.9878615934824
2026-07-17 17:33:36.003652,838.5162159099012,0.0025536385251133365,999.9878615934824
2026-07-17 17:33:36.137094,838.5162159099012,0.0025536385251133365,999.9878615934824
2026-07-17 17:33:36.287824,838.5162159099012,0.0025536385251133365,999.9992763576897
2026-07-17 17:33:36.411799,854.6645219546801,0.002298274672602003,999.9992763576898
2026-07-17 17:33:36.628997,854.6645219546801,0.002298274672602003,1000.0027927179389
2026-07-17 17:33:36.757844,869.198349031006,0.0020684472053418028,1000.002813402411
2026-07-17 17:33:36.907252,869.198349031006,0.0020684472053418028,1000.002813402411
2026-07-17 17:33:37.042449,869.198349031006,0.0020684472053418028,1000.002813402411
2026-07-17 17:33:37.183221,869.198349031006,0.0020684472053418028,1000.002813402411
2026-07-17 17:33:37.312955,869.198349031006,0.0020684472053418028,1000.002813402411
2026-07-17 17:33:37.467980,869.198349031006,0.0020684472053418028,1000.002813402411
2026-07-17 17:33:37.610854,869.198349031006,0.0020684472053418028,1000.002813402411
2026-07-17 17:33:37.754634,869.198349031006,0.0020684472053418028,1000.002813402411
2026-07-17 17:33:37.893362,869.198349031006,0.0020684472053418028,1000.002813402411
2026-07-17 17:33:38.038450,869.198349031006,0.0020684472053418028,1000.002813402411
2026-07-17 17:33:38.189263,869.198349031006,0.0020684472053418028,1000.002813402411
2026-07-17 17:33:38.318752,869.198349031006,0.0020684472053418028,1000.002813402411
2026-07-17 17:33:38.455360,869.198349031006,0.0020684472053418028,1000.002792717939
2026-07-17 17:33:38.587734,869.198349031006,0.0020684472053418028,1000.002792717939
2026-07-17 17:33:38.767259,869.198349031006,0.0020684472053418028,1000.002792717939
2026-07-17 17:33:38.891526,869.198349031006,0.0020684472053418028,1000.002792717939
2026-07-17 17:33:39.034110,869.198349031006,0.0020684472053418028,1000.002813402411
2026-07-17 17:33:39.164995,869.198349031006,0.0020684472053418028,1000.002813402411
2026-07-17 17:33:39.300034,869.198349031006,0.0020684472053418028,1000.002813402411
2026-07-17 17:33:39.437104,869.198349031006,0.0020684472053418028,1000.002813402411
2026-07-17 17:33:39.572819,869.198349031006,0.0020684472053418028,1000.002813402411
2026-07-17 17:33:39.781912,869.198349031006,0.0020684472053418028,1000.002792717939
2026-07-17 17:33:39.987576,869.198349031006,0.0020684472053418028,1000.002792717939
2026-07-17 17:33:40.132990,869.198349031006,0.0020684472053418028,1000.002792717939
2026-07-17 17:33:40.256376,869.198349031006,0.0020684472053418028,1000.002792717939
2026-07-17 17:33:40.387917,869.198349031006,0.0020684472053418028,1000.002792717939
2026-07-17 17:33:40.514339,869.198349031006,0.0020684472053418028,1000.002792717939
2026-07-17 17:33:40.648906,869.198349031006,0.0020684472053418028,1000.002792717939
2026-07-17 17:33:40.773622,869.198349031006,0.0020684472053418028,1000.002792717939
2026-07-17 17:33:40.954119,869.198349031006,0.0020684472053418028,1000.002792717939
2026-07-17 17:33:41.083733,869.198349031006,0.0020684472053418028,1000.002813402411
2026-07-17 17:33:41.220969,869.198349031006,0.0020684472053418028,1000.002813402411
2026-07-17 17:33:41.346340,869.198349031006,0.0020684472053418028,1000.002792717939
2026-07-17 17:33:41.485141,869.198349031006,0.0020684472053418028,1000.002813402411
2026-07-17 17:33:41.619281,869.198349031006,0.0020684472053418028,1000.002792717939
2026-07-17 17:33:41.754263,869.198349031006,0.0020684472053418028,1000.002792717939
2026-07-17 17:33:41.887117,869.198349031006,0.0020684472053418028,1000.002792717939
2026-07-17 17:33:42.033732,869.198349031006,0.0020684472053418028,1000.002792717939
2026-07-17 17:33:42.161068,869.198349031006,0.0020684472053418028,1000.002792717939
2026-07-17 17:33:42.295054,869.198349031006,0.0020684472053418028,1000.002792717939
2026-07-17 17:33:42.430925,869.198349031006,0.0020684472053418028,1000.002792717939
2026-07-17 17:33:42.568435,869.198349031006,0.0020684472053418028,1000.002792717939
2026-07-17 17:33:42.700891,869.198349031006,0.0020684472053418028,1000.002813402411
2026-07-17 17:33:42.831044,869.198349031006,0.0020684472053418028,1000.002813402411
2026-07-17 17:33:43.014554,869.198349031006,0.0020684472053418028,1000.002813402411
2026-07-17 17:33:43.151614,869.198349031006,0.0020684472053418028,1000.002813402411
2026-07-17 17:33:43.298494,869.198349031006,0.0020684472053418028,1000.0069296123496
2026-07-17 17:33:43.431625,882.2792070891404,0.0018616024848076224,1000.0069296123496
2026-07-17 17:33:43.590869,882.2792070891404,0.0018616024848076224,1000.0106714333441
2026-07-17 17:33:43.735029,894.0523535235608,0.00167544223632686,1000.0106714333441
2026-07-17 17:33:43.935312,894.0523535235608,0.00167544223632686,1000.0106714333441
2026-07-17 17:33:44.201668,894.0523535235608,0.00167544223632686,1000.0390199159827
2026-07-17 17:33:44.405902,904.651020162803,0.001507898012694174,1000.0390199159827
2026-07-17 17:33:44.561987,904.651020162803,0.001507898012694174,1000.0406484458364
2026-07-17 17:33:44.703018,914.1899829911064,0.0013571082114247565,1000.0406620169185
2026-07-17 17:33:44.866390,914.1899829911064,0.0013571082114247565,1000.0406484458365
2026-07-17 17:33:45.015827,914.1899829911064,0.0013571082114247565,1000.0406620169185
2026-07-17 17:33:45.162958,914.1899829911064,0.0013571082114247565,1000.0406620169185
2026-07-17 17:33:45.377450,914.1899829911064,0.0013571082114247565,1000.0406620169185
2026-07-17 17:33:45.522797,914.1899829911064,0.0013571082114247565,1000.0406484458365
2026-07-17 17:33:45.676052,914.1899829911064,0.0013571082114247565,1000.0406484458365
2026-07-17 17:33:45.825063,914.1899829911064,0.0013571082114247565,1000.0406620169185
2026-07-17 17:33:45.978752,914.1899829911064,0.0013571082114247565,1000.0406620169185
2026-07-17 17:33:46.126575,914.1899829911064,0.0013571082114247565,1000.0406620169185
2026-07-17 17:33:46.260635,914.1899829911064,0.0013571082114247565,1000.0406620169185
2026-07-17 17:33:46.401057,914.1899829911064,0.0013571082114247565,1000.0406620169185
2026-07-17 17:33:46.536450,914.1899829911064,0.0013571082114247565,1000.0406620169185
2026-07-17 17:33:46.677219,914.1899829911064,0.0013571082114247565,1000.0406620169185
2026-07-17 17:33:46.815630,914.1899829911064,0.0013571082114247565,1000.0406484458365
2026-07-17 17:33:46.950115,914.1899829911064,0.0013571082114247565,1000.0406484458365
2026-07-17 17:33:47.088434,914.1899829911064,0.0013571082114247565,1000.0406620169185
2026-07-17 17:33:47.228203,914.1899829911064,0.0013571082114247565,1000.0406620169185
2026-07-17 17:33:47.360320,914.1899829911064,0.0013571082114247565,1000.0406620169185
2026-07-17 17:33:47.540924,914.1899829911064,0.0013571082114247565,1000.0406620169185
2026-07-17 17:33:47.674751,914.1899829911064,0.0013571082114247565,1000.0406620169185
2026-07-17 17:33:47.810095,914.1899829911064,0.0013571082114247565,1000.0406620169185
2026-07-17 17:33:47.950986,914.1899829911064,0.0013571082114247565,1000.0406620169185
2026-07-17 17:33:48.092857,914.1899829911064,0.0013571082114247565,1000.0406620169185
2026-07-17 17:33:48.239226,914.1899829911064,0.0013571082114247565,1000.0406620169185
2026-07-17 17:33:48.373379,914.1899829911064,0.0013571082114247565,1000.0406484458365
2026-07-17 17:33:48.512740,914.1899829911064,0.0013571082114247565,1000.0406484458365
2026-07-17 17:33:48.654065,914.1899829911064,0.0013571082114247565,1000.0406620169185
2026-07-17 17:33:48.794272,914.1899829911064,0.0013571082114247565,1000.0406620169185
2026-07-17 17:33:48.925163,914.1899829911064,0.0013571082114247565,1000.0406620169185
2026-07-17 17:33:49.067389,914.1899829911064,0.0013571082114247565,1000.0406484458365
2026-07-17 17:33:49.208693,914.1899829911064,0.0013571082114247565,1000.0406484458365
2026-07-17 17:33:49.348053,914.1899829911064,0.0013571082114247565,1000.0406620169185
2026-07-17 17:33:49.480097,914.1899829911064,0.0013571082114247565,1000.0406620169185
2026-07-17 17:33:49.653222,914.1899829911064,0.0013571082114247565,1000.0406620169185
2026-07-17 17:33:49.776389,914.1899829911064,0.0013571082114247565,1000.0406620169185
2026-07-17 17:33:49.912668,914.1899829911064,0.0013571082114247565,1000.0406484458365
2026-07-17 17:33:50.040880,914.1899829911064,0.0013571082114247565,1000.0406484458365
2026-07-17 17:33:50.175761,914.1899829911064,0.0013571082114247565,1000.0406348747543
2026-07-17 17:33:50.302639,914.1899829911064,0.0013571082114247565,1000.0406348747543
2026-07-17 17:33:50.432367,914.1899829911064,0.0013571082114247565,1000.0406348747543
2026-07-17 17:33:50.558541,914.1899829911064,0.0013571082114247565,1000.0406348747543
2026-07-17 17:33:50.694553,914.1899829911064,0.0013571082114247565,1000.0406348747543
2026-07-17 17:33:50.817782,914.1899829911064,0.0013571082114247565,1000.0406348747543
2026-07-17 17:33:50.950883,914.1899829911064,0.0013571082114247565,1000.0391963400502
2026-07-17 17:33:51.075056,822.7709846919957,0.0028022638329174157,1000.0391963400502
2026-07-17 17:33:51.221022,822.7709846919957,0.0028022638329174157,1000.036618257324
2026-07-17 17:33:51.360065,740.4938862227962,0.004102922808266143,1000.0366182573239
2026-07-17 17:33:51.497056,740.4938862227962,0.004102922808266143,1000.0366182573239
2026-07-17 17:33:51.623061,740.4938862227962,0.004102922808266143,1000.0366182573239
2026-07-17 17:33:51.819098,740.4938862227962,0.004102922808266143,1000.0366182573239
2026-07-17 17:33:51.992117,740.4938862227962,0.004102922808266143,999.9868498036597
2026-07-17 17:33:52.139712,666.4444976005166,0.005273740395471502,999.9769879091202
2026-07-17 17:33:52.291216,599.8000478404649,0.006327507380835834,999.970154201149
2026-07-17 17:33:52.439157,539.8200430564184,0.007275913863331924,999.9634603603946
2026-07-17 17:33:52.588838,485.83803875077655,0.008129492114650026,999.9634603603947
2026-07-17 17:33:52.739794,485.83803875077655,0.008129492114650026,999.9472013761654
2026-07-17 17:33:52.871809,437.2542348756989,0.008897736836228623,999.9472013761654
2026-07-17 17:33:53.024212,437.2542348756989,0.008897736836228623,999.947112398797
2026-07-17 17:33:53.155285,437.2542348756989,0.008897736836228623,999.947112398797
2026-07-17 17:33:53.288867,437.2542348756989,0.008897736836228623,999.947112398797
2026-07-17 17:33:53.433753,437.2542348756989,0.008897736836228623,999.947112398797
2026-07-17 17:33:53.572466,437.2542348756989,0.008897736836228623,999.9341217030161
2026-07-17 17:33:53.720067,393.528811388129,0.009589173157933234,999.9341217030162
2026-07-17 17:33:53.870451,393.528811388129,0.009589173157933234,999.9333545691634
2026-07-17 17:33:53.992169,393.528811388129,0.009589173157933234,999.9333545691634
2026-07-17 17:33:54.177747,393.528811388129,0.009589173157933234,999.9333545691634
2026-07-17 17:33:54.320144,393.528811388129,0.009589173157933234,999.9333545691634
2026-07-17 17:33:54.468439,393.528811388129,0.009589173157933234,999.9332586774319
2026-07-17 17:33:54.604670,393.528811388129,0.009589173157933234,999.9332586774319
2026-07-17 17:33:54.751819,393.528811388129,0.009589173157933234,999.9332586774319
2026-07-17 17:33:54.887330,393.528811388129,0.009589173157933234,999.9332586774319
2026-07-17 17:33:55.030953,393.528811388129,0.009589173157933234,999.9333545691634
2026-07-17 17:33:55.163095,393.528811388129,0.009589173157933234,999.9333545691634
2026-07-17 17:33:55.290472,393.528811388129,0.009589173157933234,999.9333545691634
2026-07-17 17:33:55.423720,393.528811388129,0.009589173157933234,999.9332586774319
2026-07-17 17:33:55.552982,393.528811388129,0.009589173157933234,999.9332586774319
2026-07-17 17:33:55.697197,393.528811388129,0.009589173157933234,999.9332586774319
2026-07-17 17:33:55.819802,393.528811388129,0.009589173157933234,999.9332586774319
2026-07-17 17:33:55.952357,393.528811388129,0.009589173157933234,999.9332586774319
2026-07-17 17:33:56.077672,393.528811388129,0.009589173157933234,999.9332586774319
2026-07-17 17:33:56.205220,393.528811388129,0.009589173157933234,999.9332586774319
2026-07-17 17:33:56.375288,393.528811388129,0.009589173157933234,999.9332586774319
2026-07-17 17:33:56.497309,393.528811388129,0.009589173157933234,999.9332586774319
2026-07-17 17:33:56.635667,393.528811388129,0.009589173157933234,999.9332586774319
2026-07-17 17:33:56.758178,393.528811388129,0.009589173157933234,999.9332586774319
2026-07-17 17:33:56.889547,393.528811388129,0.009589173157933234,999.9332586774319
2026-07-17 17:33:57.016504,393.528811388129,0.009589173157933234,999.9333545691634
2026-07-17 17:33:57.140519,393.528811388129,0.009589173157933234,999.9333545691634
2026-07-17 17:33:57.269772,393.528811388129,0.009589173157933234,999.9333545691634
2026-07-17 17:33:57.396003,393.528811388129,0.009589173157933234,999.9333545691634
2026-07-17 17:33:57.524956,393.528811388129,0.009589173157933234,999.9333545691634
2026-07-17 17:33:57.656466,393.528811388129,0.009589173157933234,999.9333545691634
2026-07-17 17:33:57.786494,393.528811388129,0.009589173157933234,999.9333545691634
2026-07-17 17:33:57.907592,393.528811388129,0.009589173157933234,999.9333545691634
2026-07-17 17:33:58.039830,393.528811388129,0.009589173157933234,999.9333545691634
2026-07-17 17:33:58.172104,393.528811388129,0.009589173157933234,999.9332586774319
2026-07-17 17:33:58.295851,393.528811388129,0.009589173157933234,999.9333545691634
2026-07-17 17:33:58.467542,393.528811388129,0.009589173157933234,999.9333545691634
2026-07-17 17:33:58.591672,393.528811388129,0.009589173157933234,999.9333545691634
2026-07-17 17:33:58.728538,393.528811388129,0.009589173157933234,999.9333545691634
2026-07-17 17:33:58.852037,393.528811388129,0.009589173157933234,999.9333545691634
2026-07-17 17:33:58.983024,393.528811388129,0.009589173157933234,999.9333545691634
2026-07-17 17:33:59.107959,393.528811388129,0.009589173157933234,999.9333545691634
2026-07-17 17:33:59.237120,393.528811388129,0.009589173157933234,999.9333545691634
2026-07-17 17:33:59.358623,393.528811388129,0.009589173157933234,999.9333545691634
2026-07-17 17:33:59.498928,393.528811388129,0.009589173157933234,999.9290394412424
2026-07-17 17:33:59.625195,393.528811388129,0.009589173157933234,999.9290394412424
2026-07-17 17:33:59.755508,393.528811388129,0.009589173157933234,999.9290394412424
2026-07-17 17:33:59.879889,393.528811388129,0.009589173157933234,999.9290394412424
2026-07-17 17:34:00.069854,393.528811388129,0.009589173157933234,999.9290394412424
2026-07-17 17:34:00.267647,393.528811388129,0.009589173157933234,999.9290394412424
2026-07-17 17:34:00.431382,393.528811388129,0.009589173157933234,999.9290394412424
2026-07-17 17:34:00.587939,393.528811388129,0.009589173157933234,999.8380381879736
2026-07-17 17:34:00.779432,354.1759302493161,0.010211564463926365,999.8380381879736
2026-07-17 17:34:00.942119,354.1759302493161,0.010211564463926365,999.8327281744523
2026-07-17 17:34:01.113560,354.1759302493161,0.010211564463926365,999.8122029298797
2026-07-17 17:34:01.318615,318.7583372243845,0.010771739053915888,999.7908748865532
2026-07-17 17:34:01.489467,286.882503501946,0.011275911973704407,999.7907621274335
2026-07-17 17:34:01.649219,286.882503501946,0.011275911973704407,999.7907621274335
2026-07-17 17:34:01.793948,286.882503501946,0.011275911973704407,999.7907621274335
2026-07-17 17:34:01.942902,286.882503501946,0.011275911973704407,999.7907621274335
2026-07-17 17:34:02.077334,286.882503501946,0.011275911973704407,999.7683230626058
2026-07-17 17:34:02.234651,258.1942531517514,0.011729681955870342,999.7683230626058
2026-07-17 17:34:02.371672,258.1942531517514,0.011729681955870342,999.7683230626058
2026-07-17 17:34:02.501773,258.1942531517514,0.011729681955870342,999.7683230626058
2026-07-17 17:34:02.647174,258.1942531517514,0.011729681955870342,999.7683230626058
2026-07-17 17:34:02.790928,258.1942531517514,0.011729681955870342,999.7682057657862
2026-07-17 17:34:02.930603,258.1942531517514,0.011729681955870342,999.7682057657862
2026-07-17 17:34:03.069592,258.1942531517514,0.011729681955870342,999.7682057657862
2026-07-17 17:34:03.275960,258.1942531517514,0.011729681955870342,999.7682057657862
2026-07-17 17:34:03.452774,258.1942531517514,0.011729681955870342,999.7682057657862
2026-07-17 17:34:03.707877,258.1942531517514,0.011729681955870342,999.7682057657862
2026-07-17 17:34:03.910483,258.1942531517514,0.011729681955870342,999.7682057657862
2026-07-17 17:34:04.071635,258.1942531517514,0.011729681955870342,999.7682057657862
2026-07-17 17:34:04.203696,258.1942531517514,0.011729681955870342,999.7683230626058
2026-07-17 17:34:04.340178,258.1942531517514,0.011729681955870342,999.7683230626058
2026-07-17 17:34:04.478671,258.1942531517514,0.011729681955870342,999.7683230626058
2026-07-17 17:34:04.617755,258.1942531517514,0.011729681955870342,999.7683230626058
2026-07-17 17:34:04.750022,258.1942531517514,0.011729681955870342,999.7683230626058
2026-07-17 17:34:04.883395,258.1942531517514,0.011729681955870342,999.7683230626058
2026-07-17 17:34:05.013958,258.1942531517514,0.011729681955870342,999.7683230626058
2026-07-17 17:34:05.143200,258.1942531517514,0.011729681955870342,999.7683230626058
2026-07-17 17:34:05.281859,258.1942531517514,0.011729681955870342,999.7683230626058
2026-07-17 17:34:05.426169,258.1942531517514,0.011729681955870342,999.7683230626058
2026-07-17 17:34:05.559062,258.1942531517514,0.011729681955870342,999.7683230626058
2026-07-17 17:34:05.743376,258.1942531517514,0.011729681955870342,999.7682057657862
2026-07-17 17:34:05.868440,258.1942531517514,0.011729681955870342,999.7682057657862
2026-07-17 17:34:05.999358,258.1942531517514,0.011729681955870342,999.7682057657862
2026-07-17 17:34:06.127740,258.1942531517514,0.011729681955870342,999.7682057657862
2026-07-17 17:34:06.263539,258.1942531517514,0.011729681955870342,999.7682057657862
2026-07-17 17:34:06.395216,258.1942531517514,0.011729681955870342,999.7682057657862
2026-07-17 17:34:06.521792,258.1942531517514,0.011729681955870342,999.7682057657862
2026-07-17 17:34:06.659704,258.1942531517514,0.011729681955870342,999.7682057657862
2026-07-17 17:34:06.788746,258.1942531517514,0.011729681955870342,999.7682057657862
2026-07-17 17:34:06.927441,258.1942531517514,0.011729681955870342,999.7682057657862
2026-07-17 17:34:07.058372,258.1942531517514,0.011729681955870342,999.7682057657862
2026-07-17 17:34:07.194420,258.1942531517514,0.011729681955870342,999.7682057657862
2026-07-17 17:34:07.324589,258.1942531517514,0.011729681955870342,999.7682057657862
2026-07-17 17:34:07.457441,258.1942531517514,0.011729681955870342,999.7682057657862
2026-07-17 17:34:07.584294,258.1942531517514,0.011729681955870342,999.7682057657862
2026-07-17 17:34:07.712495,258.1942531517514,0.011729681955870342,999.7682057657862
2026-07-17 17:34:07.888485,258.1942531517514,0.011729681955870342,999.7682057657862
2026-07-17 17:34:08.012307,258.1942531517514,0.011729681955870342,999.7682057657862
2026-07-17 17:34:08.152371,258.1942531517514,0.011729681955870342,999.7683230626058
2026-07-17 17:34:08.275417,258.1942531517514,0.011729681955870342,999.7683230626058
2026-07-17 17:34:08.422745,258.1942531517514,0.011729681955870342,999.7683230626058
2026-07-17 17:34:08.555890,258.1942531517514,0.011729681955870342,999.7683230626058
2026-07-17 17:34:08.691751,258.1942531517514,0.011729681955870342,999.7683230626058
2026-07-17 17:34:08.822795,258.1942531517514,0.011729681955870342,999.7682057657862
2026-07-17 17:34:08.956829,258.1942531517514,0.011729681955870342,999.7682057657862
2026-07-17 17:34:09.110315,258.1942531517514,0.011729681955870342,999.8619259246136
2026-07-17 17:34:09.236481,332.36102042903764,0.010556713760283307,999.8620314917512
2026-07-17 17:34:09.387788,332.36102042903764,0.010556713760283307,999.8620314917512
2026-07-17 17:34:09.521799,332.36102042903764,0.010556713760283307,999.8620314917512
2026-07-17 17:34:09.669712,332.36102042903764,0.010556713760283307,999.8620314917512
2026-07-17 17:34:09.809996,332.36102042903764,0.010556713760283307,999.8620314917512
2026-07-17 17:34:09.955493,332.36102042903764,0.010556713760283307,999.8619259246136
2026-07-17 17:34:10.172034,332.36102042903764,0.010556713760283307,999.8619259246136
2026-07-17 17:34:10.348744,332.36102042903764,0.010556713760283307,999.8619259246136
2026-07-17 17:34:10.591215,332.36102042903764,0.010556713760283307,999.8619259246136
2026-07-17 17:34:10.808558,332.36102042903764,0.010556713760283307,999.8619259246136
2026-07-17 17:34:10.973504,332.36102042903764,0.010556713760283307,999.8619259246136
2026-07-17 17:34:11.106386,332.36102042903764,0.010556713760283307,999.8619259246136
2026-07-17 17:34:11.250390,332.36102042903764,0.010556713760283307,999.8619259246136
2026-07-17 17:34:11.385475,332.36102042903764,0.010556713760283307,999.8619259246136
2026-07-17 17:34:11.517377,332.36102042903764,0.010556713760283307,999.8619259246136
2026-07-17 17:34:11.650402,332.36102042903764,0.010556713760283307,999.8619259246136
2026-07-17 17:34:11.789288,332.36102042903764,0.010556713760283307,999.8619259246136
2026-07-17 17:34:11.915548,332.36102042903764,0.010556713760283307,999.8619259246136
2026-07-17 17:34:12.056280,332.36102042903764,0.010556713760283307,999.8619259246136
2026-07-17 17:34:12.179687,332.36102042903764,0.010556713760283307,999.8619259246136
2026-07-17 17:34:12.322645,332.36102042903764,0.010556713760283307,999.8619259246136
2026-07-17 17:34:12.498349,332.36102042903764,0.010556713760283307,999.8619259246136
2026-07-17 17:34:12.627324,332.36102042903764,0.010556713760283307,999.8619259246136
2026-07-17 17:34:12.760102,332.36102042903764,0.010556713760283307,999.8619259246136
2026-07-17 17:34:12.888058,332.36102042903764,0.010556713760283307,999.8619259246136
2026-07-17 17:34:13.022165,332.36102042903764,0.010556713760283307,999.8619259246136
2026-07-17 17:34:13.152795,332.36102042903764,0.010556713760283307,999.8619259246136
2026-07-17 17:34:13.299995,332.36102042903764,0.010556713760283307,999.8619259246136
2026-07-17 17:34:13.438671,332.36102042903764,0.010556713760283307,999.8619259246136
2026-07-17 17:34:13.601460,332.36102042903764,0.010556713760283307,999.8620314917512
2026-07-17 17:34:13.766916,332.36102042903764,0.010556713760283307,999.8830393521341
2026-07-17 17:34:13.923742,399.1132223213473,0.009501042384254976,999.8830393521341
2026-07-17 17:34:14.079317,399.1132223213473,0.009501042384254976,999.8830393521341
2026-07-17 17:34:14.210560,399.1132223213473,0.009501042384254976,999.8831343625579
2026-07-17 17:34:14.365314,399.1132223213473,0.009501042384254976,999.8830393521341
2026-07-17 17:34:14.507680,399.1132223213473,0.009501042384254976,999.8830393521341
2026-07-17 17:34:14.651384,399.1132223213473,0.009501042384254976,999.8830393521341
2026-07-17 17:34:14.850870,399.1132223213473,0.009501042384254976,999.8831343625579
2026-07-17 17:34:15.001593,399.1132223213473,0.009501042384254976,999.8831343625579
2026-07-17 17:34:15.149683,399.1132223213473,0.009501042384254976,999.8831343625579
2026-07-17 17:34:15.296814,399.1132223213473,0.009501042384254976,999.8831343625579
2026-07-17 17:34:15.435479,399.1132223213473,0.009501042384254976,999.8830393521341
2026-07-17 17:34:15.568429,399.1132223213473,0.009501042384254976,999.8830393521341
2026-07-17 17:34:15.702094,399.1132223213473,0.009501042384254976,999.8830393521341
2026-07-17 17:34:15.834175,399.1132223213473,0.009501042384254976,999.8830393521341
2026-07-17 17:34:15.964087,399.1132223213473,0.009501042384254976,999.8830393521341
2026-07-17 17:34:16.102548,399.1132223213473,0.009501042384254976,999.8830393521341
2026-07-17 17:34:16.231090,399.1132223213473,0.009501042384254976,999.8830393521341
2026-07-17 17:34:16.365537,399.1132223213473,0.009501042384254976,999.8830393521341
2026-07-17 17:34:16.499390,399.1132223213473,0.009501042384254976,999.8831343625579
2026-07-17 17:34:16.633686,399.1132223213473,0.009501042384254976,999.8831343625579
2026-07-17 17:34:16.769883,399.1132223213473,0.009501042384254976,999.8831343625579
2026-07-17 17:34:16.896309,399.1132223213473,0.009501042384254976,999.8830393521341
2026-07-17 17:34:17.079303,399.1132223213473,0.009501042384254976,999.8830393521341
2026-07-17 17:34:17.214767,399.1132223213473,0.009501042384254976,999.8830393521341
2026-07-17 17:34:17.349147,399.1132223213473,0.009501042384254976,999.8830393521341
2026-07-17 17:34:17.481045,399.1132223213473,0.009501042384254976,999.8830393521341
2026-07-17 17:34:17.614938,399.1132223213473,0.009501042384254976,999.8830393521341
2026-07-17 17:34:17.751534,399.1132223213473,0.009501042384254976,999.8831343625579
2026-07-17 17:34:17.886762,399.1132223213473,0.009501042384254976,999.8832293729818
2026-07-17 17:34:18.019528,399.1132223213473,0.009501042384254976,999.8833243834056
2026-07-17 17:34:18.166002,399.1132223213473,0.009501042384254976,999.8833243834056
2026-07-17 17:34:18.295425,399.1132223213473,0.009501042384254976,999.8833243834056
2026-07-17 17:34:18.432361,399.1132223213473,0.009501042384254976,999.9021364473265
2026-07-17 17:34:18.565882,459.1921137339452,0.008550938145829478,999.9021364473265
2026-07-17 17:34:18.714077,459.1921137339452,0.008550938145829478,999.9021364473265
2026-07-17 17:34:18.851057,459.1921137339452,0.008550938145829478,999.9021364473265
2026-07-17 17:34:18.990116,459.1921137339452,0.008550938145829478,999.9021364473265
2026-07-17 17:34:19.193616,459.1921137339452,0.008550938145829478,999.9021364473265
2026-07-17 17:34:19.330716,459.1921137339452,0.008550938145829478,999.9021364473265
2026-07-17 17:34:19.480184,459.1921137339452,0.008550938145829478,999.902050937945
2026-07-17 17:34:19.627429,459.1921137339452,0.008550938145829478,999.902050937945
2026-07-17 17:34:19.770410,459.1921137339452,0.008550938145829478,999.9021364473265
2026-07-17 17:34:19.913960,459.1921137339452,0.008550938145829478,999.902050937945
2026-07-17 17:34:20.047902,459.1921137339452,0.008550938145829478,999.902050937945
2026-07-17 17:34:20.184607,459.1921137339452,0.008550938145829478,999.902050937945
2026-07-17 17:34:20.311736,459.1921137339452,0.008550938145829478,999.9021364473265
2026-07-17 17:34:20.445588,459.1921137339452,0.008550938145829478,999.9021364473265
2026-07-17 17:34:20.579933,459.1921137339452,0.008550938145829478,999.9021364473265
2026-07-17 17:34:20.710702,459.1921137339452,0.008550938145829478,999.9021364473265
2026-07-17 17:34:20.846546,459.1921137339452,0.008550938145829478,999.9021364473265
2026-07-17 17:34:20.973519,459.1921137339452,0.008550938145829478,999.9021364473265
2026-07-17 17:34:21.112859,459.1921137339452,0.008550938145829478,999.9021364473265
2026-07-17 17:34:21.240989,459.1921137339452,0.008550938145829478,999.9021364473265
2026-07-17 17:34:21.412164,459.1921137339452,0.008550938145829478,999.9021364473265
2026-07-17 17:34:21.544431,459.1921137339452,0.008550938145829478,999.9021364473265
2026-07-17 17:34:21.678533,459.1921137339452,0.008550938145829478,999.9021364473265
2026-07-17 17:34:21.812986,459.1921137339452,0.008550938145829478,999.902050937945
2026-07-17 17:34:21.944668,459.1921137339452,0.008550938145829478,999.902050937945
2026-07-17 17:34:22.085060,459.1921137339452,0.008550938145829478,999.9021364473265
2026-07-17 17:34:22.211644,459.1921137339452,0.008550938145829478,999.9021364473265
2026-07-17 17:34:22.346042,459.1921137339452,0.008550938145829478,999.9021364473265
2026-07-17 17:34:22.476567,459.1921137339452,0.008550938145829478,999.9021364473265
2026-07-17 17:34:22.609252,459.1921137339452,0.008550938145829478,999.902050937945
2026-07-17 17:34:22.743287,459.1921137339452,0.008550938145829478,999.902050937945
2026-07-17 17:34:22.879719,459.1921137339452,0.008550938145829478,999.902050937945
2026-07-17 17:34:23.012695,459.1921137339452,0.008550938145829478,999.902050937945
2026-07-17 17:34:23.144278,459.1921137339452,0.008550938145829478,999.902050937945
2026-07-17 17:34:23.279401,459.1921137339452,0.008550938145829478,999.902050937945
2026-07-17 17:34:23.423394,459.1921137339452,0.008550938145829478,999.902050937945
2026-07-17 17:34:23.600518,459.1921137339452,0.008550938145829478,999.902050937945
2026-07-17 17:34:23.729958,459.1921137339452,0.008550938145829478,999.9021364473265
2026-07-17 17:34:23.863070,459.1921137339452,0.008550938145829478,999.9021364473265
2026-07-17 17:34:23.993842,459.1921137339452,0.008550938145829478,999.9021364473265
2026-07-17 17:34:24.128289,459.1921137339452,0.008550938145829478,999.902050937945
2026-07-17 17:34:24.262198,459.1921137339452,0.008550938145829478,999.902050937945
2026-07-17 17:34:24.399889,459.1921137339452,0.008550938145829478,999.902050937945
2026-07-17 17:34:24.530425,459.1921137339452,0.008550938145829478,999.902050937945
2026-07-17 17:34:24.665492,459.1921137339452,0.008550938145829478,999.9021364473265
2026-07-17 17:34:24.794754,459.1921137339452,0.008550938145829478,999.9021364473265
2026-07-17 17:34:24.925497,459.1921137339452,0.008550938145829478,999.9021364473265
2026-07-17 17:34:25.064491,459.1921137339452,0.008550938145829478,999.902050937945
2026-07-17 17:34:25.193719,459.1921137339452,0.008550938145829478,999.902050937945
2026-07-17 17:34:25.326365,459.1921137339452,0.008550938145829478,999.9021364473265
2026-07-17 17:34:25.463984,459.1921137339452,0.008550938145829478,999.902050937945
2026-07-17 17:34:25.739596,459.1921137339452,0.008550938145829478,999.8680182041246
2026-07-17 17:34:25.955205,413.2729023605507,0.009277163104095253,999.8680182041246
2026-07-17 17:34:26.110625,413.2729023605507,0.009277163104095253,999.8680182041246
2026-07-17 17:34:26.244392,413.2729023605507,0.009277163104095253,999.8680182041246
2026-07-17 17:34:26.397269,413.2729023605507,0.009277163104095253,999.8679254324935
2026-07-17 17:34:26.554576,413.2729023605507,0.009277163104095253,999.8679254324935
2026-07-17 17:34:26.702229,413.2729023605507,0.009277163104095253,999.8679254324935
2026-07-17 17:34:26.841124,413.2729023605507,0.009277163104095253,999.8679254324935
2026-07-17 17:34:26.985481,413.2729023605507,0.009277163104095253,999.8679254324935
2026-07-17 17:34:27.130580,413.2729023605507,0.009277163104095253,999.8679254324935
2026-07-17 17:34:27.272016,413.2729023605507,0.009277163104095253,999.8679254324935
2026-07-17 17:34:27.407036,413.2729023605507,0.009277163104095253,999.8679254324935
2026-07-17 17:34:27.536215,413.2729023605507,0.009277163104095253,999.8679254324935
2026-07-17 17:34:27.675316,413.2729023605507,0.009277163104095253,999.8679254324935
2026-07-17 17:34:27.823475,413.2729023605507,0.009277163104095253,999.7822044454117
2026-07-17 17:34:27.948509,371.9456121244956,0.009930861196874509,999.7822044454117
2026-07-17 17:34:28.156408,371.9456121244956,0.009930861196874509,999.7822044454117
2026-07-17 17:34:28.289689,371.9456121244956,0.009930861196874509,999.7822044454117
2026-07-17 17:34:28.433681,371.9456121244956,0.009930861196874509,999.7822044454117
2026-07-17 17:34:28.588652,371.9456121244956,0.009930861196874509,999.7822044454117
2026-07-17 17:34:28.736107,371.9456121244956,0.009930861196874509,999.7822044454117
2026-07-17 17:34:28.879949,371.9456121244956,0.009930861196874509,999.7823037540236
2026-07-17 17:34:29.023118,371.9456121244956,0.009930861196874509,999.7823037540236
2026-07-17 17:34:29.171806,371.9456121244956,0.009930861196874509,999.7823037540236
2026-07-17 17:34:29.317533,371.9456121244956,0.009930861196874509,999.7823037540236
2026-07-17 17:34:29.456336,371.9456121244956,0.009930861196874509,999.7823037540236
2026-07-17 17:34:29.582923,371.9456121244956,0.009930861196874509,999.7823037540236
2026-07-17 17:34:29.787726,371.9456121244956,0.009930861196874509,999.7823037540236
2026-07-17 17:34:29.984856,371.9456121244956,0.009930861196874509,999.7822044454117
2026-07-17 17:34:30.150252,371.9456121244956,0.009930861196874509,999.7822044454117
2026-07-17 17:34:30.282014,371.9456121244956,0.009930861196874509,999.7822044454117
2026-07-17 17:34:30.412308,371.9456121244956,0.009930861196874509,999.7822044454117
2026-07-17 17:34:30.594966,371.9456121244956,0.009930861196874509,999.7822044454117
2026-07-17 17:34:30.723373,371.9456121244956,0.009930861196874509,999.7823037540236
2026-07-17 17:34:30.858460,371.9456121244956,0.009930861196874509,999.7823037540236
2026-07-17 17:34:30.988169,371.9456121244956,0.009930861196874509,999.7823037540236
2026-07-17 17:34:31.121574,371.9456121244956,0.009930861196874509,999.7823037540236
2026-07-17 17:34:31.247877,371.9456121244956,0.009930861196874509,999.7823037540236
2026-07-17 17:34:31.381673,371.9456121244956,0.009930861196874509,999.7823037540236
2026-07-17 17:34:31.506139,371.9456121244956,0.009930861196874509,999.7823037540236
2026-07-17 17:34:31.638426,371.9456121244956,0.009930861196874509,999.7823037540236
2026-07-17 17:34:31.763893,371.9456121244956,0.009930861196874509,999.7823037540236
2026-07-17 17:34:31.897782,371.9456121244956,0.009930861196874509,999.7822044454117
2026-07-17 17:34:32.049256,371.9456121244956,0.009930861196874509,999.8143804356896
2026-07-17 17:34:32.176908,434.732488955615,0.008937775077187057,999.8142910579388
2026-07-17 17:34:32.331894,434.732488955615,0.008937775077187057,999.8321666080931
2026-07-17 17:34:32.469048,491.24245672086283,0.008043997569468352,999.8321666080931
2026-07-17 17:34:32.664996,491.24245672086283,0.008043997569468352,999.8321666080931
2026-07-17 17:34:32.793411,491.24245672086283,0.008043997569468352,999.8321666080931
2026-07-17 17:34:32.938140,491.24245672086283,0.008043997569468352,999.8322470480689
2026-07-17 17:34:33.078500,491.24245672086283,0.008043997569468352,999.8322470480689
2026-07-17 17:34:33.233542,491.24245672086283,0.008043997569468352,999.8322470480689
2026-07-17 17:34:33.368012,491.24245672086283,0.008043997569468352,999.8322470480689
2026-07-17 17:34:33.517870,491.24245672086283,0.008043997569468352,999.8322470480689
2026-07-17 17:34:33.667213,491.24245672086283,0.008043997569468352,999.8322470480689
2026-07-17 17:34:33.822856,491.24245672086283,0.008043997569468352,999.8787413540203
2026-07-17 17:34:33.948265,542.1060851841786,0.007239597812521517,999.8787413540203
2026-07-17 17:34:34.132364,542.1060851841786,0.007239597812521517,999.8788861459766
2026-07-17 17:34:34.277812,542.1060851841786,0.007239597812521517,999.8788861459766
2026-07-17 17:34:34.414100,542.1060851841786,0.007239597812521517,999.8788861459766
2026-07-17 17:34:34.571641,542.1060851841786,0.007239597812521517,999.8789585419547
2026-07-17 17:34:34.722464,542.1060851841786,0.007239597812521517,999.8789585419547
2026-07-17 17:34:34.858086,542.1060851841786,0.007239597812521517,999.8789585419547
2026-07-17 17:34:35.062339,542.1060851841786,0.007239597812521517,999.8789585419547
2026-07-17 17:34:35.199078,542.1060851841786,0.007239597812521517,999.8789585419547
2026-07-17 17:34:35.343394,542.1060851841786,0.007239597812521517,999.8788861459766
2026-07-17 17:34:35.475638,542.1060851841786,0.007239597812521517,999.8788861459766
2026-07-17 17:34:35.615401,542.1060851841786,0.007239597812521517,999.8788861459766
2026-07-17 17:34:35.750194,542.1060851841786,0.007239597812521517,999.8788861459766
2026-07-17 17:34:35.882206,542.1060851841786,0.007239597812521517,999.8789585419547
2026-07-17 17:34:36.014297,542.1060851841786,0.007239597812521517,999.8789585419547
2026-07-17 17:34:36.148075,542.1060851841786,0.007239597812521517,999.8789585419547
2026-07-17 17:34:36.284502,542.1060851841786,0.007239597812521517,999.8788861459766
2026-07-17 17:34:36.418596,542.1060851841786,0.007239597812521517,999.8788861459766
2026-07-17 17:34:36.562009,542.1060851841786,0.007239597812521517,999.8789585419547
2026-07-17 17:34:36.698974,542.1060851841786,0.007239597812521517,999.8789585419547
2026-07-17 17:34:36.831653,542.1060851841786,0.007239597812521517,999.8788861459766
2026-07-17 17:34:36.965018,542.1060851841786,0.007239597812521517,999.8788861459766
2026-07-17 17:34:37.156066,542.1060851841786,0.007239597812521517,999.8788861459766
2026-07-17 17:34:37.290004,542.1060851841786,0.007239597812521517,999.8788861459766
2026-07-17 17:34:37.421864,542.1060851841786,0.007239597812521517,999.8788861459766
2026-07-17 17:34:37.561836,542.1060851841786,0.007239597812521517,999.8788861459766
2026-07-17 17:34:37.767800,542.1060851841786,0.007239597812521517,999.8788861459766
2026-07-17 17:34:37.968840,542.1060851841786,0.007239597812521517,999.8789585419547
2026-07-17 17:34:38.175101,542.1060851841786,0.007239597812521517,999.8789585419547
2026-07-17 17:34:38.359757,542.1060851841786,0.007239597812521517,999.8788861459766
2026-07-17 17:34:38.494875,542.1060851841786,0.007239597812521517,999.8788861459766
2026-07-17 17:34:38.629962,542.1060851841786,0.007239597812521517,999.8788861459766
2026-07-17 17:34:38.760624,542.1060851841786,0.007239597812521517,999.8788861459766
2026-07-17 17:34:38.895061,542.1060851841786,0.007239597812521517,999.8788861459766
2026-07-17 17:34:39.028325,542.1060851841786,0.007239597812521517,999.8788861459766
2026-07-17 17:34:39.160823,542.1060851841786,0.007239597812521517,999.8788861459766
2026-07-17 17:34:39.294810,542.1060851841786,0.007239597812521517,999.8788861459766
2026-07-17 17:34:39.475620,542.1060851841786,0.007239597812521517,999.8788861459766
2026-07-17 17:34:39.609418,542.1060851841786,0.007239597812521517,999.8788861459766
2026-07-17 17:34:39.743355,542.1060851841786,0.007239597812521517,999.8788861459766
2026-07-17 17:34:39.876618,542.1060851841786,0.007239597812521517,999.8788861459766
2026-07-17 17:34:40.011985,542.1060851841786,0.007239597812521517,999.8789585419547
2026-07-17 17:34:40.147847,542.1060851841786,0.007239597812521517,999.8788861459766
2026-07-17 17:34:40.279502,542.1060851841786,0.007239597812521517,999.8788861459766
2026-07-17 17:34:40.415605,542.1060851841786,0.007239597812521517,999.8788861459766
2026-07-17 17:34:40.547830,542.1060851841786,0.007239597812521517,999.8788861459766
2026-07-17 17:34:40.682991,542.1060851841786,0.007239597812521517,999.8788861459766
2026-07-17 17:34:40.813305,542.1060851841786,0.007239597812521517,999.8788861459766
2026-07-17 17:34:40.947084,542.1060851841786,0.007239597812521517,999.8788861459766
2026-07-17 17:34:41.080642,542.1060851841786,0.007239597812521517,999.8789585419547
2026-07-17 17:34:41.216591,542.1060851841786,0.007239597812521517,999.8789585419547
2026-07-17 17:34:41.348415,542.1060851841786,0.007239597812521517,999.8789585419547
2026-07-17 17:34:41.529695,542.1060851841786,0.007239597812521517,999.8789585419547
2026-07-17 17:34:41.675918,542.1060851841786,0.007239597812521517,999.8789585419547
2026-07-17 17:34:41.825168,542.1060851841786,0.007239597812521517,999.8789585419547
2026-07-17 17:34:41.979987,542.1060851841786,0.007239597812521517,999.8788861459766
2026-07-17 17:34:42.128129,542.1060851841786,0.007239597812521517,999.8788861459766
2026-07-17 17:34:42.279377,542.1060851841786,0.007239597812521517,999.8789585419547
2026-07-17 17:34:42.441834,542.1060851841786,0.007239597812521517,999.8789585419547
2026-07-17 17:34:42.592196,542.1060851841786,0.007239597812521517,999.8789585419547
2026-07-17 17:34:42.728665,542.1060851841786,0.007239597812521517,999.8789585419547
2026-07-17 17:34:42.868804,542.1060851841786,0.007239597812521517,999.8789585419547
2026-07-17 17:34:43.012333,542.1060851841786,0.007239597812521517,999.8789585419547
2026-07-17 17:34:43.162883,542.1060851841786,0.007239597812521517,999.8789585419547
2026-07-17 17:34:43.309172,542.1060851841786,0.007239597812521517,999.8789585419547
2026-07-17 17:34:43.465134,542.1060851841786,0.007239597812521517,999.8788861459766
2026-07-17 17:34:43.624778,542.1060851841786,0.007239597812521517,999.8788861459766
2026-07-17 17:34:43.831569,542.1060851841786,0.007239597812521517,999.8788861459766
2026-07-17 17:34:43.990665,542.1060851841786,0.007239597812521517,999.8789585419547
2026-07-17 17:34:44.140031,542.1060851841786,0.007239597812521517,999.8789585419547
2026-07-17 17:34:44.275104,542.1060851841786,0.007239597812521517,999.8788861459766
2026-07-17 17:34:44.431743,542.1060851841786,0.007239597812521517,999.8788861459766
2026-07-17 17:34:44.600545,542.1060851841786,0.007239597812521517,999.8788861459766
2026-07-17 17:34:44.771563,542.1060851841786,0.007239597812521517,999.8788861459766
2026-07-17 17:34:44.921687,542.1060851841786,0.007239597812521517,999.8788861459766
2026-07-17 17:34:45.066513,542.1060851841786,0.007239597812521517,999.8788861459766
2026-07-17 17:34:45.225793,542.1060851841786,0.007239597812521517,999.8788861459766
2026-07-17 17:34:45.403632,542.1060851841786,0.007239597812521517,999.8788861459766
2026-07-17 17:34:45.540015,542.1060851841786,0.007239597812521517,999.8788861459766
2026-07-17 17:34:45.695858,542.1060851841786,0.007239597812521517,999.858832460036
2026-07-17 17:34:45.897678,487.8954766657607,0.008096966785577371,999.858832460036
2026-07-17 17:34:46.059154,487.8954766657607,0.008096966785577371,999.858832460036
2026-07-17 17:34:46.301565,487.8954766657607,0.008096966785577371,999.858751490368
2026-07-17 17:34:46.484743,487.8954766657607,0.008096966785577371,999.858751490368
2026-07-17 17:34:46.652077,487.8954766657607,0.008096966785577371,999.858751490368
2026-07-17 17:34:46.788995,487.8954766657607,0.008096966785577371,999.858751490368
2026-07-17 17:34:46.937503,487.8954766657607,0.008096966785577371,999.858751490368
2026-07-17 17:34:47.121115,487.8954766657607,0.008096966785577371,999.858751490368
2026-07-17 17:34:47.273867,487.8954766657607,0.008096966785577371,999.858751490368
2026-07-17 17:34:47.404083,487.8954766657607,0.008096966785577371,999.858751490368
2026-07-17 17:34:47.551918,487.8954766657607,0.008096966785577371,999.858751490368
2026-07-17 17:34:47.706150,487.8954766657607,0.008096966785577371,999.858751490368
2026-07-17 17:34:47.837600,487.8954766657607,0.008096966785577371,999.858832460036
2026-07-17 17:34:47.982634,487.8954766657607,0.008096966785577371,999.858832460036
2026-07-17 17:34:48.136454,487.8954766657607,0.008096966785577371,999.858832460036
2026-07-17 17:34:48.284130,487.8954766657607,0.008096966785577371,999.858832460036
2026-07-17 17:34:48.414446,487.8954766657607,0.008096966785577371,999.858832460036
2026-07-17 17:34:48.647089,487.8954766657607,0.008096966785577371,999.858832460036
2026-07-17 17:34:48.825929,487.8954766657607,0.008096966785577371,999.858832460036
2026-07-17 17:34:49.001299,487.8954766657607,0.008096966785577371,999.8181047171045
2026-07-17 17:34:49.266018,439.10592899918464,0.00886866025113754,999.8004560832048
2026-07-17 17:34:49.518948,395.19533609926617,0.009563206231246658,999.8004560832048
2026-07-17 17:34:49.712111,395.19533609926617,0.009563206231246658,999.8004560832048
2026-07-17 17:34:49.885400,395.19533609926617,0.009563206231246658,999.8004560832048
2026-07-17 17:34:50.023980,395.19533609926617,0.009563206231246658,999.8004560832048
2026-07-17 17:34:50.184914,395.19533609926617,0.009563206231246658,999.8004560832048
2026-07-17 17:34:50.333659,395.19533609926617,0.009563206231246658,999.8004560832048
2026-07-17 17:34:50.495030,395.19533609926617,0.009563206231246658,999.8004560832048
2026-07-17 17:34:50.655329,395.19533609926617,0.009563206231246658,999.8003604511423
2026-07-17 17:34:50.831613,395.19533609926617,0.009563206231246658,999.7813296707423
2026-07-17 17:34:50.990231,355.67580248933956,0.01018831738845664,999.7812277875685
2026-07-17 17:34:51.156493,355.67580248933956,0.01018831738845664,999.7812277875685
2026-07-17 17:34:51.347807,355.67580248933956,0.01018831738845664,999.7813296707423
2026-07-17 17:34:51.507330,355.67580248933956,0.01018831738845664,999.7813296707423
2026-07-17 17:34:51.700052,355.67580248933956,0.01018831738845664,999.7813296707423
2026-07-17 17:34:51.926098,355.67580248933956,0.01018831738845664,999.7813296707423
2026-07-17 17:34:52.113732,355.67580248933956,0.01018831738845664,999.7813296707423
2026-07-17 17:34:52.252091,355.67580248933956,0.01018831738845664,999.7812277875685
2026-07-17 17:34:52.398388,355.67580248933956,0.01018831738845664,999.7812277875685
2026-07-17 17:34:52.532871,355.67580248933956,0.01018831738845664,999.7813296707423
2026-07-17 17:34:52.666628,355.67580248933956,0.01018831738845664,999.7813296707423
2026-07-17 17:34:52.798863,355.67580248933956,0.01018831738845664,999.7813296707423
2026-07-17 17:34:52.946579,355.67580248933956,0.01018831738845664,999.7813296707423
2026-07-17 17:34:53.179608,355.67580248933956,0.01018831738845664,999.7812277875685
2026-07-17 17:34:53.433710,355.67580248933956,0.01018831738845664,999.7812277875685
2026-07-17 17:34:53.619745,355.67580248933956,0.01018831738845664,999.7812277875685
2026-07-17 17:34:53.762814,355.67580248933956,0.01018831738845664,999.7812277875685
2026-07-17 17:34:53.952476,355.67580248933956,0.01018831738845664,999.7812277875685
2026-07-17 17:34:54.099953,355.67580248933956,0.01018831738845664,999.7812277875685
2026-07-17 17:34:54.251581,355.67580248933956,0.01018831738845664,999.7812277875685
2026-07-17 17:34:54.387551,355.67580248933956,0.01018831738845664,999.7813296707423
2026-07-17 17:34:54.531915,355.67580248933956,0.01018831738845664,999.7812277875685
2026-07-17 17:34:54.682456,355.67580248933956,0.01018831738845664,999.7813296707423
2026-07-17 17:34:54.815378,355.67580248933956,0.01018831738845664,999.7813296707423
2026-07-17 17:34:54.961010,355.67580248933956,0.01018831738845664,999.7813296707423
2026-07-17 17:34:55.115246,355.67580248933956,0.01018831738845664,999.7813296707423
2026-07-17 17:34:55.252036,355.67580248933956,0.01018831738845664,999.7813296707423
2026-07-17 17:34:55.399064,355.67580248933956,0.01018831738845664,999.7813296707423
2026-07-17 17:34:55.560433,355.67580248933956,0.01018831738845664,999.7813296707423
2026-07-17 17:34:55.704647,355.67580248933956,0.01018831738845664,999.7813296707423
2026-07-17 17:34:55.862777,355.67580248933956,0.01018831738845664,999.7813296707423
2026-07-17 17:34:56.092680,355.67580248933956,0.01018831738845664,999.7813296707423
2026-07-17 17:34:56.352403,355.67580248933956,0.01018831738845664,999.7813296707423
2026-07-17 17:34:56.511700,355.67580248933956,0.01018831738845664,999.7813296707423
2026-07-17 17:34:56.663501,355.67580248933956,0.01018831738845664,999.7726696009622
2026-07-17 17:34:56.801170,320.1082222404056,0.010750924994266872,999.7726696009622
2026-07-17 17:34:56.957367,320.1082222404056,0.010750924994266872,999.7726696009622
2026-07-17 17:34:57.110350,320.1082222404056,0.010750924994266872,999.7726696009622
2026-07-17 17:34:57.264125,320.1082222404056,0.010750924994266872,999.772777110212
2026-07-17 17:34:57.401518,320.1082222404056,0.010750924994266872,999.772777110212
2026-07-17 17:34:57.559908,320.1082222404056,0.010750924994266872,999.772777110212
2026-07-17 17:34:57.724204,320.1082222404056,0.010750924994266872,999.772777110212
2026-07-17 17:34:57.875049,320.1082222404056,0.010750924994266872,999.772777110212
2026-07-17 17:34:58.023725,320.1082222404056,0.010750924994266872,999.772777110212
2026-07-17 17:34:58.215335,320.1082222404056,0.010750924994266872,999.772777110212
2026-07-17 17:34:58.377311,320.1082222404056,0.010750924994266872,999.7726696009622
2026-07-17 17:34:58.528179,320.1082222404056,0.010750924994266872,999.772777110212
2026-07-17 17:34:58.731344,320.1082222404056,0.010750924994266872,999.772777110212
2026-07-17 17:34:58.871516,320.1082222404056,0.010750924994266872,999.7603060372187
2026-07-17 17:34:59.014595,288.09740001636504,0.011257281050460994,999.7603060372187
2026-07-17 17:34:59.194359,288.09740001636504,0.011257281050460994,999.7603060372187
2026-07-17 17:34:59.344171,288.09740001636504,0.011257281050460994,999.7603060372187
2026-07-17 17:34:59.488720,288.09740001636504,0.011257281050460994,999.7603060372187
2026-07-17 17:34:59.678995,288.09740001636504,0.011257281050460994,999.7603060372187
2026-07-17 17:34:59.854832,288.09740001636504,0.011257281050460994,999.7603060372187
2026-07-17 17:35:00.082542,288.09740001636504,0.011257281050460994,999.7603060372187
2026-07-17 17:35:00.289671,288.09740001636504,0.011257281050460994,999.7601934644081
2026-07-17 17:35:00.489773,288.09740001636504,0.011257281050460994,999.7601934644081
2026-07-17 17:35:00.672850,288.09740001636504,0.011257281050460994,999.7601934644081
2026-07-17 17:35:00.904415,288.09740001636504,0.011257281050460994,999.7152769130169
2026-07-17 17:35:01.101711,259.28766001472854,0.011713030337709762,999.7152769130169
2026-07-17 17:35:01.288939,259.28766001472854,0.011713030337709762,999.6917337220381
2026-07-17 17:35:01.525652,233.35889401325568,0.01212321773885943,999.6674872865603
2026-07-17 17:35:01.689355,210.0230046119301,0.012492398080598485,999.6676122105412
2026-07-17 17:35:01.890789,210.0230046119301,0.012492398080598485,999.6674872865603
2026-07-17 17:35:02.042561,210.0230046119301,0.012492398080598485,999.6674872865603
2026-07-17 17:35:02.213649,210.0230046119301,0.012492398080598485,999.6674872865603
2026-07-17 17:35:02.374176,210.0230046119301,0.012492398080598485,999.6674872865603
2026-07-17 17:35:02.537802,210.0230046119301,0.012492398080598485,999.6674872865603
2026-07-17 17:35:02.721322,210.0230046119301,0.012492398080598485,999.6674872865603
2026-07-17 17:35:02.888925,210.0230046119301,0.012492398080598485,999.6674872865603
2026-07-17 17:35:03.076862,210.0230046119301,0.012492398080598485,999.6425024903991
2026-07-17 17:35:03.253331,189.0207041507371,0.012824670901462821,999.642502490399
2026-07-17 17:35:03.443928,189.0207041507371,0.012824670901462821,999.642502490399
2026-07-17 17:35:03.640359,189.0207041507371,0.012824670901462821,999.6169813953052
2026-07-17 17:35:03.829917,170.11863373566337,0.013123725855494466,999.6169813953052
2026-07-17 17:35:04.038179,170.11863373566337,0.013123725855494466,999.6168501580466
2026-07-17 17:35:04.243171,170.11863373566337,0.013123725855494466,999.6169813953052
2026-07-17 17:35:04.438956,170.11863373566337,0.013123725855494466,999.6169813953052
2026-07-17 17:35:04.639792,170.11863373566337,0.013123725855494466,999.6168501580466
2026-07-17 17:35:04.833474,170.11863373566337,0.013123725855494466,999.6168501580466
2026-07-17 17:35:05.027535,170.11863373566337,0.013123725855494466,999.6169813953052
2026-07-17 17:35:05.220450,170.11863373566337,0.013123725855494466,999.5906027063356
2026-07-17 17:35:05.415109,153.10677036209702,0.013392883873556081,999.5907366351743
2026-07-17 17:35:05.606277,153.10677036209702,0.013392883873556081,999.5907366351743
2026-07-17 17:35:05.796049,153.10677036209702,0.013392883873556081,999.5906027063355
2026-07-17 17:35:05.988009,153.10677036209702,0.013392883873556081,999.5906027063355
2026-07-17 17:35:06.224193,153.10677036209702,0.013392883873556081,999.5906027063355
2026-07-17 17:35:06.403098,153.10677036209702,0.013392883873556081,999.5907366351743
2026-07-17 17:35:06.598096,153.10677036209702,0.013392883873556081,999.6401563766676
2026-07-17 17:35:06.803220,237.7601089635541,0.012053595486200473,999.6401563766676
2026-07-17 17:35:07.042088,237.7601089635541,0.012053595486200473,999.6401563766676
2026-07-17 17:35:07.327906,237.7601089635541,0.012053595486200473,999.6401563766676
2026-07-17 17:35:07.633901,237.7601089635541,0.012053595486200473,999.6401563766676
2026-07-17 17:35:08.123510,237.7601089635541,0.012053595486200473,999.5956786093236
2026-07-17 17:35:08.331959,213.9840980671987,0.012429774321947688,999.5956786093236
2026-07-17 17:35:08.558185,213.9840980671987,0.012429774321947688,999.5955543115804
2026-07-17 17:35:08.760073,213.9840980671987,0.012429774321947688,999.5708190606798
2026-07-17 17:35:09.005938,192.58568826047883,0.012768345987733631,999.5452823687042
2026-07-17 17:35:09.248349,173.32711943443095,0.013073070129803355,999.545151638003
2026-07-17 17:35:09.447921,173.32711943443095,0.013073070129803355,999.545151638003
2026-07-17 17:35:09.638389,173.32711943443095,0.013073070129803355,999.545151638003
2026-07-17 17:35:09.859998,173.32711943443095,0.013073070129803355,999.545151638003
2026-07-17 17:35:10.056804,173.32711943443095,0.013073070129803355,999.545151638003
2026-07-17 17:35:10.251252,173.32711943443095,0.013073070129803355,999.5452823687043
2026-07-17 17:35:10.445867,173.32711943443095,0.013073070129803355,999.5452823687043
2026-07-17 17:35:10.753869,173.32711943443095,0.013073070129803355,999.545151638003
2026-07-17 17:35:10.966479,173.32711943443095,0.013073070129803355,999.545151638003
2026-07-17 17:35:11.135800,173.32711943443095,0.013073070129803355,999.545151638003
2026-07-17 17:35:11.314298,173.32711943443095,0.013073070129803355,999.545151638003
2026-07-17 17:35:11.482265,173.32711943443095,0.013073070129803355,999.5452823687043
2026-07-17 17:35:11.673753,173.32711943443095,0.013073070129803355,999.5703826633535
2026-07-17 17:35:11.852871,255.9514457573232,0.011765763116823019,999.5703826633535
2026-07-17 17:35:12.091491,255.9514457573232,0.011765763116823019,999.5703826633535
2026-07-17 17:35:12.303546,255.9514457573232,0.011765763116823019,999.594620135374
2026-07-17 17:35:12.506219,330.3157631951283,0.010589186805140717,999.594620135374
2026-07-17 17:35:12.725352,330.3157631951283,0.010589186805140717,999.5947260272421
2026-07-17 17:35:12.920405,330.3157631951283,0.010589186805140717,999.594620135374
2026-07-17 17:35:13.132394,330.3157631951283,0.010589186805140717,999.5947260272421
2026-07-17 17:35:13.370906,330.3157631951283,0.010589186805140717,999.5947260272421
2026-07-17 17:35:13.548592,330.3157631951283,0.010589186805140717,999.5947260272421
2026-07-17 17:35:13.822164,330.3157631951283,0.010589186805140717,999.5947260272421
2026-07-17 17:35:14.032041,330.3157631951283,0.010589186805140717,999.594620135374
2026-07-17 17:35:14.237877,330.3157631951283,0.010589186805140717,999.5947260272421
2026-07-17 17:35:14.444898,330.3157631951283,0.010589186805140717,999.5947260272421
2026-07-17 17:35:14.604189,330.3157631951283,0.010589186805140717,999.5947260272421
2026-07-17 17:35:14.793146,330.3157631951283,0.010589186805140717,999.5947260272421
2026-07-17 17:35:14.961928,330.3157631951283,0.010589186805140717,999.594620135374
2026-07-17 17:35:15.150184,330.3157631951283,0.010589186805140717,999.594620135374
2026-07-17 17:35:15.360430,330.3157631951283,0.010589186805140717,999.5947260272421
2026-07-17 17:35:15.528545,330.3157631951283,0.010589186805140717,999.594620135374
2026-07-17 17:35:15.718882,330.3157631951283,0.010589186805140717,999.6157985089843
2026-07-17 17:35:15.944862,397.2457667265139,0.009530268124626646,999.6157985089844
2026-07-17 17:35:16.145472,397.2457667265139,0.009530268124626646,999.6158938116657
2026-07-17 17:35:16.295167,397.2457667265139,0.009530268124626646,999.6157985089844
2026-07-17 17:35:16.456882,397.2457667265139,0.009530268124626646,999.6157985089844
2026-07-17 17:35:16.665339,397.2457667265139,0.009530268124626646,999.6158938116657
2026-07-17 17:35:16.823486,397.2457667265139,0.009530268124626646,999.6158938116657
2026-07-17 17:35:17.067895,397.2457667265139,0.009530268124626646,999.6158938116657
2026-07-17 17:35:17.290837,397.2457667265139,0.009530268124626646,999.6158938116657
2026-07-17 17:35:17.460334,397.2457667265139,0.009530268124626646,999.6158938116657
2026-07-17 17:35:17.606210,397.2457667265139,0.009530268124626646,999.6158938116657
2026-07-17 17:35:17.747167,397.2457667265139,0.009530268124626646,999.6157985089844
2026-07-17 17:35:17.880837,397.2457667265139,0.009530268124626646,999.6157985089844
2026-07-17 17:35:18.034822,397.2457667265139,0.009530268124626646,999.6158938116657
2026-07-17 17:35:18.182393,397.2457667265139,0.009530268124626646,999.6158938116657
2026-07-17 17:35:18.309175,397.2457667265139,0.009530268124626646,999.6158938116657
2026-07-17 17:35:18.450045,397.2457667265139,0.009530268124626646,999.6157985089844
2026-07-17 17:35:18.588833,397.2457667265139,0.009530268124626646,999.6158938116657
2026-07-17 17:35:18.726860,397.2457667265139,0.009530268124626646,999.6157985089844
2026-07-17 17:35:18.869684,397.2457667265139,0.009530268124626646,999.5969285780977
2026-07-17 17:35:19.060172,357.52119005386254,0.010158781674204455,999.5766110147492
2026-07-17 17:35:19.219231,321.7690710484763,0.010724461768957553,999.5766110147492
2026-07-17 17:35:19.378651,321.7690710484763,0.010724461768957553,999.5766110147492
2026-07-17 17:35:19.515659,321.7690710484763,0.010724461768957553,999.5766110147492
2026-07-17 17:35:19.715531,321.7690710484763,0.010724461768957553,999.5766110147492
2026-07-17 17:35:19.964268,321.7690710484763,0.010724461768957553,999.5766110147492
2026-07-17 17:35:20.190581,321.7690710484763,0.010724461768957553,999.5551620912113
2026-07-17 17:35:20.333276,289.59216394362863,0.011233589965374732,999.5551620912114
2026-07-17 17:35:20.498629,289.59216394362863,0.011233589965374732,999.5551620912114
2026-07-17 17:35:20.665082,289.59216394362863,0.011233589965374732,999.5551620912114
2026-07-17 17:35:20.831905,289.59216394362863,0.011233589965374732,999.5326949112806
2026-07-17 17:35:20.992952,260.6329475492658,0.011691819843093395,999.5326949112805
2026-07-17 17:35:21.152706,260.6329475492658,0.011691819843093395,999.5326949112805
2026-07-17 17:35:21.293679,260.6329475492658,0.011691819843093395,999.5326949112805
2026-07-17 17:35:21.487038,260.6329475492658,0.011691819843093395,999.5326949112805
2026-07-17 17:35:21.639788,260.6329475492658,0.011691819843093395,999.5325779930822
2026-07-17 17:35:21.791591,260.6329475492658,0.011691819843093395,999.5325779930822
2026-07-17 17:35:21.939210,260.6329475492658,0.011691819843093395,999.5325779930822
2026-07-17 17:35:22.093980,260.6329475492658,0.011691819843093395,999.5325779930822
2026-07-17 17:35:22.245970,260.6329475492658,0.011691819843093395,999.5325779930822
2026-07-17 17:35:22.395363,260.6329475492658,0.011691819843093395,999.5325779930822
2026-07-17 17:35:22.540470,260.6329475492658,0.011691819843093395,999.5325779930822
2026-07-17 17:35:22.674953,260.6329475492658,0.011691819843093395,999.5325779930822
2026-07-17 17:35:22.808602,260.6329475492658,0.011691819843093395,999.5325779930822
2026-07-17 17:35:22.944092,260.6329475492658,0.011691819843093395,999.5325779930822
2026-07-17 17:35:23.079008,260.6329475492658,0.011691819843093395,999.5325779930822
2026-07-17 17:35:23.224842,260.6329475492658,0.011691819843093395,999.5325779930822
2026-07-17 17:35:23.351888,260.6329475492658,0.011691819843093395,999.5325779930822
2026-07-17 17:35:23.490096,260.6329475492658,0.011691819843093395,999.5325779930822
2026-07-17 17:35:23.704658,260.6329475492658,0.011691819843093395,999.5325779930822
2026-07-17 17:35:23.841177,260.6329475492658,0.011691819843093395,999.5326949112805
2026-07-17 17:35:23.980732,260.6329475492658,0.011691819843093395,999.5326949112805
2026-07-17 17:35:24.137991,260.6329475492658,0.011691819843093395,999.5325779930822
2026-07-17 17:35:24.272037,260.6329475492658,0.011691819843093395,999.5325779930822
2026-07-17 17:35:24.407472,260.6329475492658,0.011691819843093395,999.5325779930822
2026-07-17 17:35:24.542472,260.6329475492658,0.011691819843093395,999.5325779930822
2026-07-17 17:35:24.680167,260.6329475492658,0.011691819843093395,999.5325779930822
2026-07-17 17:35:24.817748,260.6329475492658,0.011691819843093395,999.5325779930822
2026-07-17 17:35:24.955132,260.6329475492658,0.011691819843093395,999.5326949112805
2026-07-17 17:35:25.090379,260.6329475492658,0.011691819843093395,999.5326949112805
2026-07-17 17:35:25.223992,260.6329475492658,0.011691819843093395,999.5326949112805
2026-07-17 17:35:25.365760,260.6329475492658,0.011691819843093395,999.5326949112805
2026-07-17 17:35:25.499753,260.6329475492658,0.011691819843093395,999.5326949112805
2026-07-17 17:35:25.638631,260.6329475492658,0.011691819843093395,999.5325779930822
2026-07-17 17:35:25.817839,260.6329475492658,0.011691819843093395,999.5325779930822
2026-07-17 17:35:25.953747,260.6329475492658,0.011691819843093395,999.5325779930822
2026-07-17 17:35:26.093110,260.6329475492658,0.011691819843093395,999.5325779930822
2026-07-17 17:35:26.230082,260.6329475492658,0.011691819843093395,999.5325779930822
2026-07-17 17:35:26.362716,260.6329475492658,0.011691819843093395,999.5325779930822
2026-07-17 17:35:26.500100,260.6329475492658,0.011691819843093395,999.5326949112805
2026-07-17 17:35:26.634542,260.6329475492658,0.011691819843093395,999.5326949112805
2026-07-17 17:35:26.771734,260.6329475492658,0.011691819843093395,999.5326949112805
2026-07-17 17:35:26.906923,260.6329475492658,0.011691819843093395,999.5326949112805
2026-07-17 17:35:27.044590,260.6329475492658,0.011691819843093395,999.5326949112805
2026-07-17 17:35:27.185737,260.6329475492658,0.011691819843093395,999.5325779930822
2026-07-17 17:35:27.320522,260.6329475492658,0.011691819843093395,999.5325779930822
2026-07-17 17:35:27.458645,260.6329475492658,0.011691819843093395,999.55584471457
2026-07-17 17:35:27.592621,334.5252372657962,0.010522637858784056,999.55584471457
2026-07-17 17:35:27.755111,334.5252372657962,0.010522637858784056,999.55584471457
2026-07-17 17:35:27.943304,334.5252372657962,0.010522637858784056,999.55584471457
2026-07-17 17:35:28.092978,334.5252372657962,0.010522637858784056,999.55584471457
2026-07-17 17:35:28.249750,334.5252372657962,0.010522637858784056,999.55584471457
2026-07-17 17:35:28.392725,334.5252372657962,0.010522637858784056,999.55584471457
2026-07-17 17:35:28.544996,334.5252372657962,0.010522637858784056,999.55584471457
2026-07-17 17:35:28.702966,334.5252372657962,0.010522637858784056,999.5768899902876
2026-07-17 17:35:28.848402,401.0304025382453,0.00947037407290565,999.5768899902874
2026-07-17 17:35:29.023754,401.0304025382453,0.00947037407290565,999.5768899902874
2026-07-17 17:35:29.171449,401.0304025382453,0.00947037407290565,999.5768899902874
2026-07-17 17:35:29.331008,401.0304025382453,0.00947037407290565,999.5768899902874
2026-07-17 17:35:29.486593,401.0304025382453,0.00947037407290565,999.5768899902874
2026-07-17 17:35:29.633388,401.0304025382453,0.00947037407290565,999.5768899902874
2026-07-17 17:35:29.784100,401.0304025382453,0.00947037407290565,999.5768899902874
2026-07-17 17:35:29.965187,401.0304025382453,0.00947037407290565,999.5768899902874
2026-07-17 17:35:30.190904,401.0304025382453,0.00947037407290565,999.5769846940283
2026-07-17 17:35:30.449958,401.0304025382453,0.00947037407290565,999.5769846940283
2026-07-17 17:35:30.619458,401.0304025382453,0.00947037407290565,999.5769846940283
2026-07-17 17:35:30.750275,401.0304025382453,0.00947037407290565,999.5769846940283
2026-07-17 17:35:30.886214,401.0304025382453,0.00947037407290565,999.5769846940283
2026-07-17 17:35:31.034360,401.0304025382453,0.00947037407290565,999.5769846940283
2026-07-17 17:35:31.173855,401.0304025382453,0.00947037407290565,999.5769846940283
2026-07-17 17:35:31.305628,401.0304025382453,0.00947037407290565,999.5769846940283
2026-07-17 17:35:31.439106,401.0304025382453,0.00947037407290565,999.5769846940283
2026-07-17 17:35:31.574791,401.0304025382453,0.00947037407290565,999.5768899902874
2026-07-17 17:35:31.719540,401.0304025382453,0.00947037407290565,999.5768899902874
2026-07-17 17:35:31.866122,401.0304025382453,0.00947037407290565,999.5768899902874
2026-07-17 17:35:32.007953,401.0304025382453,0.00947037407290565,999.5768899902874
2026-07-17 17:35:32.145710,401.0304025382453,0.00947037407290565,999.5768899902874
2026-07-17 17:35:32.283992,401.0304025382453,0.00947037407290565,999.5768899902874
2026-07-17 17:35:32.472260,401.0304025382453,0.00947037407290565,999.5769846940283
2026-07-17 17:35:32.603522,401.0304025382453,0.00947037407290565,999.5769846940283
2026-07-17 17:35:32.737701,401.0304025382453,0.00947037407290565,999.5769846940283
2026-07-17 17:35:32.870055,401.0304025382453,0.00947037407290565,999.5769846940283
2026-07-17 17:35:33.005769,401.0304025382453,0.00947037407290565,999.5769846940283
2026-07-17 17:35:33.152885,401.0304025382453,0.00947037407290565,999.5769846940283
2026-07-17 17:35:33.302759,401.0304025382453,0.00947037407290565,999.5769846940283
2026-07-17 17:35:33.435169,401.0304025382453,0.00947037407290565,999.5769846940283
2026-07-17 17:35:33.577278,401.0304025382453,0.00947037407290565,999.5769846940283
2026-07-17 17:35:33.713232,401.0304025382453,0.00947037407290565,999.5769846940283
2026-07-17 17:35:33.952756,401.0304025382453,0.00947037407290565,999.5769846940283
2026-07-17 17:35:34.164784,401.0304025382453,0.00947037407290565,999.5769846940283
2026-07-17 17:35:34.309105,401.0304025382453,0.00947037407290565,999.5769846940283
2026-07-17 17:35:34.442923,401.0304025382453,0.00947037407290565,999.5769846940283
2026-07-17 17:35:34.585381,401.0304025382453,0.00947037407290565,999.5769846940283
2026-07-17 17:35:34.791452,401.0304025382453,0.00947037407290565,999.5769846940283
2026-07-17 17:35:34.921938,401.0304025382453,0.00947037407290565,999.5769846940283
2026-07-17 17:35:35.068426,401.0304025382453,0.00947037407290565,999.5769846940283
2026-07-17 17:35:35.201476,401.0304025382453,0.00947037407290565,999.5768899902874
2026-07-17 17:35:35.336217,401.0304025382453,0.00947037407290565,999.5768899902874
2026-07-17 17:35:35.478316,401.0304025382453,0.00947037407290565,999.5768899902874
2026-07-17 17:35:35.619975,401.0304025382453,0.00947037407290565,999.5768899902874
2026-07-17 17:35:35.754290,401.0304025382453,0.00947037407290565,999.5768899902874
2026-07-17 17:35:35.888330,401.0304025382453,0.00947037407290565,999.5768899902874
2026-07-17 17:35:36.026366,401.0304025382453,0.00947037407290565,999.5768899902874
2026-07-17 17:35:36.168978,401.0304025382453,0.00947037407290565,999.5769846940283
2026-07-17 17:35:36.310915,401.0304025382453,0.00947037407290565,999.5768899902874
2026-07-17 17:35:36.449893,401.0304025382453,0.00947037407290565,999.5768899902874
2026-07-17 17:35:36.668796,401.0304025382453,0.00947037407290565,999.5769846940283
2026-07-17 17:35:36.880374,401.0304025382453,0.00947037407290565,999.5769846940283
2026-07-17 17:35:37.082789,401.0304025382453,0.00947037407290565,999.5769846940283
2026-07-17 17:35:37.225195,401.0304025382453,0.00947037407290565,999.5768899902874
2026-07-17 17:35:37.372450,401.0304025382453,0.00947037407290565,999.5768899902874
2026-07-17 17:35:37.516522,401.0304025382453,0.00947037407290565,999.5768899902874
2026-07-17 17:35:37.649919,401.0304025382453,0.00947037407290565,999.5768899902874
2026-07-17 17:35:37.797109,401.0304025382453,0.00947037407290565,999.5769846940283
2026-07-17 17:35:37.932471,401.0304025382453,0.00947037407290565,999.5769846940283
2026-07-17 17:35:38.113128,401.0304025382453,0.00947037407290565,999.5769846940283
2026-07-17 17:35:38.255844,401.0304025382453,0.00947037407290565,999.5768899902874
2026-07-17 17:35:38.390915,401.0304025382453,0.00947037407290565,999.5768899902874
2026-07-17 17:35:38.532791,401.0304025382453,0.00947037407290565,999.5768899902874
2026-07-17 17:35:38.668135,401.0304025382453,0.00947037407290565,999.5768899902874
2026-07-17 17:35:38.802493,401.0304025382453,0.00947037407290565,999.5768899902874
2026-07-17 17:35:38.949336,401.0304025382453,0.00947037407290565,999.5768899902874
2026-07-17 17:35:39.088320,401.0304025382453,0.00947037407290565,999.5768899902874
2026-07-17 17:35:39.289287,401.0304025382453,0.00947037407290565,999.5769846940283
2026-07-17 17:35:39.421214,401.0304025382453,0.00947037407290565,999.5769846940283
2026-07-17 17:35:39.560443,401.0304025382453,0.00947037407290565,999.5769846940283
2026-07-17 17:35:39.699257,401.0304025382453,0.00947037407290565,999.5769846940283
2026-07-17 17:35:39.834761,401.0304025382453,0.00947037407290565,999.5769846940283
2026-07-17 17:35:39.976548,401.0304025382453,0.00947037407290565,999.5769846940283
2026-07-17 17:35:40.115282,401.0304025382453,0.00947037407290565,999.5769846940283
2026-07-17 17:35:40.251109,401.0304025382453,0.00947037407290565,999.5768899902874
2026-07-17 17:35:40.387767,401.0304025382453,0.00947037407290565,999.5768899902874
2026-07-17 17:35:40.534305,401.0304025382453,0.00947037407290565,999.5768899902874
2026-07-17 17:35:40.698009,401.0304025382453,0.00947037407290565,999.5768899902874
2026-07-17 17:35:40.829952,401.0304025382453,0.00947037407290565,999.5769846940283
2026-07-17 17:35:40.970104,401.0304025382453,0.00947037407290565,999.5769846940283
2026-07-17 17:35:41.106443,401.0304025382453,0.00947037407290565,999.5769846940283
2026-07-17 17:35:41.271978,401.0304025382453,0.00947037407290565,999.5769846940283
2026-07-17 17:35:41.477541,401.0304025382453,0.00947037407290565,999.5769846940283
2026-07-17 17:35:41.618969,401.0304025382453,0.00947037407290565,999.5769846940283
2026-07-17 17:35:41.759250,401.0304025382453,0.00947037407290565,999.5769846940283
2026-07-17 17:35:41.895219,401.0304025382453,0.00947037407290565,999.5769846940283
2026-07-17 17:35:42.046013,401.0304025382453,0.00947037407290565,999.5768899902874
2026-07-17 17:35:42.197740,401.0304025382453,0.00947037407290565,999.5958307384333
2026-07-17 17:35:42.331639,460.88694535826414,0.008523336665615085,999.5959159718
2026-07-17 17:35:42.491771,460.88694535826414,0.008523336665615085,999.5959159718
2026-07-17 17:35:42.641910,460.88694535826414,0.008523336665615085,999.5959159718
2026-07-17 17:35:42.797015,460.88694535826414,0.008523336665615085,999.5959159718
2026-07-17 17:35:42.944664,460.88694535826414,0.008523336665615085,999.5959159718
2026-07-17 17:35:43.105807,460.88694535826414,0.008523336665615085,999.5959159718
2026-07-17 17:35:43.264092,460.88694535826414,0.008523336665615085,999.5959159718
2026-07-17 17:35:43.424283,460.88694535826414,0.008523336665615085,999.5959159718
2026-07-17 17:35:43.631202,460.88694535826414,0.008523336665615085,999.5959159718
2026-07-17 17:35:43.777537,460.88694535826414,0.008523336665615085,999.5958307384333
2026-07-17 17:35:43.913452,460.88694535826414,0.008523336665615085,999.5958307384333
2026-07-17 17:35:44.049816,460.88694535826414,0.008523336665615085,999.5959159718
2026-07-17 17:35:44.197111,460.88694535826414,0.008523336665615085,999.5959159718
2026-07-17 17:35:44.331006,460.88694535826414,0.008523336665615085,999.5959159718
2026-07-17 17:35:44.474580,460.88694535826414,0.008523336665615085,999.5959159718
2026-07-17 17:35:44.641038,460.88694535826414,0.008523336665615085,999.6807231716228
2026-07-17 17:35:44.778690,514.7663231396,0.0076710029990535765,999.6806464615929
2026-07-17 17:35:44.979407,514.7663231396,0.0076710029990535765,999.6811067217727
2026-07-17 17:35:45.157942,514.7663231396,0.0076710029990535765,999.6811067217727
2026-07-17 17:35:45.307474,514.7663231396,0.0076710029990535765,999.6811067217727
2026-07-17 17:35:45.473074,514.7663231396,0.0076710029990535765,999.6811067217727
2026-07-17 17:35:45.621514,514.7663231396,0.0076710029990535765,999.6811067217727
2026-07-17 17:35:45.771004,514.7663231396,0.0076710029990535765,999.6811067217727
2026-07-17 17:35:45.974408,514.7663231396,0.0076710029990535765,999.6811067217727
2026-07-17 17:35:46.130703,514.7663231396,0.0076710029990535765,999.6964487277709
2026-07-17 17:35:46.310050,563.2593356984171,0.0069039026991482184,999.7672137304371
2026-07-17 17:35:46.461557,606.9101235016191,0.006213512429233396,999.7671515953127
2026-07-17 17:35:46.644303,606.9101235016191,0.006213512429233396,999.7780252420639
2026-07-17 17:35:46.781894,646.1969136756636,0.005592161186310057,999.778025242064
2026-07-17 17:35:46.956966,646.1969136756636,0.005592161186310057,999.7780811636759
2026-07-17 17:35:47.096612,646.1969136756636,0.005592161186310057,999.7780811636759
2026-07-17 17:35:47.246444,646.1969136756636,0.005592161186310057,999.7780811636759
2026-07-17 17:35:47.391230,646.1969136756636,0.005592161186310057,999.7780811636759
2026-07-17 17:35:47.544841,646.1969136756636,0.005592161186310057,999.778025242064
2026-07-17 17:35:47.701142,646.1969136756636,0.005592161186310057,999.778025242064
2026-07-17 17:35:47.847417,646.1969136756636,0.005592161186310057,999.778025242064
2026-07-17 17:35:47.999297,646.1969136756636,0.005592161186310057,999.7780811636759
2026-07-17 17:35:48.154586,646.1969136756636,0.005592161186310057,999.7780811636759
2026-07-17 17:35:48.357716,646.1969136756636,0.005592161186310057,999.7780811636759
2026-07-17 17:35:48.514650,646.1969136756636,0.005592161186310057,999.7780811636759
2026-07-17 17:35:48.693217,646.1969136756636,0.005592161186310057,999.7780811636759
2026-07-17 17:35:48.841912,646.1969136756636,0.005592161186310057,999.778025242064
2026-07-17 17:35:48.980423,646.1969136756636,0.005592161186310057,999.778025242064
2026-07-17 17:35:49.157625,646.1969136756636,0.005592161186310057,999.778025242064
2026-07-17 17:35:49.309488,646.1969136756636,0.005592161186310057,999.778025242064
2026-07-17 17:35:49.478844,646.1969136756636,0.005592161186310057,999.778025242064
2026-07-17 17:35:49.644698,646.1969136756636,0.005592161186310057,999.7780811636759
2026-07-17 17:35:49.807535,646.1969136756636,0.005592161186310057,999.7780811636759
2026-07-17 17:35:49.964783,646.1969136756636,0.005592161186310057,999.7780811636759
2026-07-17 17:35:50.133123,646.1969136756636,0.005592161186310057,999.7780811636759
2026-07-17 17:35:50.298727,646.1969136756636,0.005592161186310057,999.7780811636759
2026-07-17 17:35:50.475765,646.1969136756636,0.005592161186310057,999.7780811636759
2026-07-17 17:35:50.669887,646.1969136756636,0.005592161186310057,999.7780811636759
2026-07-17 17:35:50.857682,646.1969136756636,0.005592161186310057,999.778025242064
2026-07-17 17:35:51.027862,646.1969136756636,0.005592161186310057,999.778025242064
2026-07-17 17:35:51.190134,646.1969136756636,0.005592161186310057,999.778025242064
2026-07-17 17:35:51.420515,646.1969136756636,0.005592161186310057,999.7780811636759
2026-07-17 17:35:51.657322,646.1969136756636,0.005592161186310057,999.778025242064
2026-07-17 17:35:51.839062,646.1969136756636,0.005592161186310057,999.800449808421
2026-07-17 17:35:51.994752,681.5572672889393,0.005032945067679051,999.800449808421
2026-07-17 17:35:52.198708,681.5572672889393,0.005032945067679051,999.800449808421
2026-07-17 17:35:52.373009,681.5572672889393,0.005032945067679051,999.8329123041076
2026-07-17 17:35:52.562605,713.3848317904561,0.004529650560911146,999.8329123041076
2026-07-17 17:35:52.794195,713.3848317904561,0.004529650560911146,999.8329123041076
2026-07-17 17:35:52.960810,713.3848317904561,0.004529650560911146,999.8329123041076
2026-07-17 17:35:53.215458,713.3848317904561,0.004529650560911146,999.8329123041076
2026-07-17 17:35:53.445893,713.3848317904561,0.004529650560911146,999.8329576006132
2026-07-17 17:35:53.757377,713.3848317904561,0.004529650560911146,999.8329123041076
2026-07-17 17:35:53.942044,713.3848317904561,0.004529650560911146,999.8329123041076
2026-07-17 17:35:54.092043,713.3848317904561,0.004529650560911146,999.8329123041076
2026-07-17 17:35:54.237428,713.3848317904561,0.004529650560911146,999.8329123041076
2026-07-17 17:35:54.402308,713.3848317904561,0.004529650560911146,999.8329123041076
2026-07-17 17:35:54.557464,713.3848317904561,0.004529650560911146,999.8329123041076
2026-07-17 17:35:54.704524,713.3848317904561,0.004529650560911146,999.8329123041076
2026-07-17 17:35:54.855721,713.3848317904561,0.004529650560911146,999.8329123041076
2026-07-17 17:35:55.002164,713.3848317904561,0.004529650560911146,999.8329123041076
2026-07-17 17:35:55.145123,713.3848317904561,0.004529650560911146,999.8329576006132
2026-07-17 17:35:55.294328,713.3848317904561,0.004529650560911146,999.8329576006132
2026-07-17 17:35:55.443977,713.3848317904561,0.004529650560911146,999.8329576006132
2026-07-17 17:35:55.590075,713.3848317904561,0.004529650560911146,999.8329576006132
2026-07-17 17:35:55.731363,713.3848317904561,0.004529650560911146,999.8329576006132
2026-07-17 17:35:55.874755,713.3848317904561,0.004529650560911146,999.8329576006132
2026-07-17 17:35:56.089530,713.3848317904561,0.004529650560911146,999.8329123041076
2026-07-17 17:35:56.232353,713.3848317904561,0.004529650560911146,999.8329123041076
2026-07-17 17:35:56.371437,713.3848317904561,0.004529650560911146,999.8329123041076
2026-07-17 17:35:56.508277,713.3848317904561,0.004529650560911146,999.8329123041076
2026-07-17 17:35:56.646515,713.3848317904561,0.004529650560911146,999.8329123041076
2026-07-17 17:35:56.795756,713.3848317904561,0.004529650560911146,999.8329576006132
2026-07-17 17:35:56.932897,713.3848317904561,0.004529650560911146,999.8329576006132
2026-07-17 17:35:57.088609,713.3848317904561,0.004529650560911146,999.8329576006132
2026-07-17 17:35:57.221284,713.3848317904561,0.004529650560911146,999.8329576006132
2026-07-17 17:35:57.378392,713.3848317904561,0.004529650560911146,999.8329576006132
2026-07-17 17:35:57.517747,713.3848317904561,0.004529650560911146,999.8329576006132
2026-07-17 17:35:57.673503,713.3848317904561,0.004529650560911146,999.8329576006132
2026-07-17 17:35:57.804814,713.3848317904561,0.004529650560911146,999.8329576006132
2026-07-17 17:35:57.962267,713.3848317904561,0.004529650560911146,999.8329576006132
2026-07-17 17:35:58.159585,713.3848317904561,0.004529650560911146,999.8329576006132
2026-07-17 17:35:58.292708,713.3848317904561,0.004529650560911146,999.8329576006132
2026-07-17 17:35:58.453479,713.3848317904561,0.004529650560911146,999.8329576006132
2026-07-17 17:35:58.594560,713.3848317904561,0.004529650560911146,999.8329576006132
2026-07-17 17:35:58.753279,713.3848317904561,0.004529650560911146,999.8329123041076
2026-07-17 17:35:58.883793,713.3848317904561,0.004529650560911146,999.8329123041076
2026-07-17 17:35:59.040759,713.3848317904561,0.004529650560911146,999.8329123041076
2026-07-17 17:35:59.179387,713.3848317904561,0.004529650560911146,999.8329123041076
2026-07-17 17:35:59.335061,713.3848317904561,0.004529650560911146,999.8329123041076
2026-07-17 17:35:59.474424,713.3848317904561,0.004529650560911146,999.8329123041076
2026-07-17 17:35:59.641007,713.3848317904561,0.004529650560911146,999.8329123041076
2026-07-17 17:35:59.786356,713.3848317904561,0.004529650560911146,999.8329123041076
2026-07-17 17:35:59.926272,713.3848317904561,0.004529650560911146,999.8329123041076
2026-07-17 17:36:00.070483,713.3848317904561,0.004529650560911146,999.8329123041076
2026-07-17 17:36:00.207863,713.3848317904561,0.004529650560911146,999.8329576006132
2026-07-17 17:36:00.427606,713.3848317904561,0.004529650560911146,999.8329576006132
2026-07-17 17:36:00.653456,713.3848317904561,0.004529650560911146,999.8329576006132
2026-07-17 17:36:00.855850,713.3848317904561,0.004529650560911146,999.8329576006132
2026-07-17 17:36:01.019173,713.3848317904561,0.004529650560911146,999.8329576006132
2026-07-17 17:36:01.159254,713.3848317904561,0.004529650560911146,999.8329576006132
2026-07-17 17:36:01.299417,713.3848317904561,0.004529650560911146,999.8329123041076
2026-07-17 17:36:01.453177,713.3848317904561,0.004529650560911146,999.8329123041076
2026-07-17 17:36:01.590350,713.3848317904561,0.004529650560911146,999.8329123041076
2026-07-17 17:36:01.732377,713.3848317904561,0.004529650560911146,999.8329123041076
2026-07-17 17:36:01.882711,713.3848317904561,0.004529650560911146,999.8329123041076
2026-07-17 17:36:02.024324,713.3848317904561,0.004529650560911146,999.8329576006132
2026-07-17 17:36:02.170532,713.3848317904561,0.004529650560911146,999.8329576006132
2026-07-17 17:36:02.299482,713.3848317904561,0.004529650560911146,999.8329576006132
2026-07-17 17:36:02.434116,713.3848317904561,0.004529650560911146,999.8329123041076
2026-07-17 17:36:02.568947,713.3848317904561,0.004529650560911146,999.8329123041076
2026-07-17 17:36:02.767724,713.3848317904561,0.004529650560911146,999.8329123041076
2026-07-17 17:36:02.901832,713.3848317904561,0.004529650560911146,999.8329123041076
2026-07-17 17:36:03.042594,713.3848317904561,0.004529650560911146,999.8329123041076
2026-07-17 17:36:03.192885,713.3848317904561,0.004529650560911146,999.839933262477
2026-07-17 17:36:03.366439,742.0303419376582,0.004076685504820031,999.8643933755059
2026-07-17 17:36:03.546151,767.813747081443,0.003669016954338028,999.8643933755059
2026-07-17 17:36:03.730574,767.813747081443,0.003669016954338028,999.8643566853364
2026-07-17 17:36:03.884549,767.813747081443,0.003669016954338028,999.8643566853364
2026-07-17 17:36:04.043723,767.813747081443,0.003669016954338028,999.8643566853364
2026-07-17 17:36:04.214355,767.813747081443,0.003669016954338028,999.8643566853364
2026-07-17 17:36:04.373879,767.813747081443,0.003669016954338028,999.8643566853364
2026-07-17 17:36:04.530765,767.813747081443,0.003669016954338028,999.8643566853364
2026-07-17 17:36:04.678862,767.813747081443,0.003669016954338028,999.8643566853364
2026-07-17 17:36:04.840270,767.813747081443,0.003669016954338028,999.8643566853364
2026-07-17 17:36:04.987400,767.813747081443,0.003669016954338028,999.8643566853364
2026-07-17 17:36:05.181077,767.813747081443,0.003669016954338028,999.8643566853364
2026-07-17 17:36:05.336955,767.813747081443,0.003669016954338028,999.8643566853364
2026-07-17 17:36:05.471286,767.813747081443,0.003669016954338028,999.8643566853364
2026-07-17 17:36:05.617324,767.813747081443,0.003669016954338028,999.8643566853364
2026-07-17 17:36:05.783118,767.813747081443,0.003669016954338028,999.8643566853364
2026-07-17 17:36:05.938669,767.813747081443,0.003669016954338028,999.8643566853364
2026-07-17 17:36:06.071959,767.813747081443,0.003669016954338028,999.8643566853364
2026-07-17 17:36:06.229191,767.813747081443,0.003669016954338028,999.8643566853364
2026-07-17 17:36:06.374378,767.813747081443,0.003669016954338028,999.8643566853364
2026-07-17 17:36:06.514698,767.813747081443,0.003669016954338028,999.8643566853364
2026-07-17 17:36:06.653564,767.813747081443,0.003669016954338028,999.8643566853364
2026-07-17 17:36:06.806582,767.813747081443,0.003669016954338028,999.8643566853364
2026-07-17 17:36:06.952919,767.813747081443,0.003669016954338028,999.8643933755059
2026-07-17 17:36:07.090149,767.813747081443,0.003669016954338028,999.8643566853364
2026-07-17 17:36:07.241582,767.813747081443,0.003669016954338028,999.8643566853364
2026-07-17 17:36:07.538019,767.813747081443,0.003669016954338028,999.8643566853364
2026-07-17 17:36:07.786076,767.813747081443,0.003669016954338028,999.8643566853364
2026-07-17 17:36:08.001805,767.813747081443,0.003669016954338028,999.8643933755059
2026-07-17 17:36:08.179737,767.813747081443,0.003669016954338028,999.8643933755059
2026-07-17 17:36:08.318365,767.813747081443,0.003669016954338028,999.8643933755059
2026-07-17 17:36:08.466317,767.813747081443,0.003669016954338028,999.8643933755059
2026-07-17 17:36:08.612533,767.813747081443,0.003669016954338028,999.8643933755059
2026-07-17 17:36:08.762744,767.813747081443,0.003669016954338028,999.8643933755059
2026-07-17 17:36:08.896940,767.813747081443,0.003669016954338028,999.8643933755059
2026-07-17 17:36:09.046849,767.813747081443,0.003669016954338028,999.8643933755059
2026-07-17 17:36:09.182871,767.813747081443,0.003669016954338028,999.8643566853364
2026-07-17 17:36:09.348007,767.813747081443,0.003669016954338028,999.8643566853364
2026-07-17 17:36:09.498747,767.813747081443,0.003669016954338028,999.8643566853364
2026-07-17 17:36:09.664721,767.813747081443,0.003669016954338028,999.8497539978581
2026-07-17 17:36:09.800593,691.0323723732987,0.004883105100937801,999.8497051668071
2026-07-17 17:36:10.042463,691.0323723732987,0.004883105100937801,999.8497051668071
2026-07-17 17:36:10.301016,691.0323723732987,0.004883105100937801,999.8497051668071
2026-07-17 17:36:10.526956,691.0323723732987,0.004883105100937801,999.8497539978582
2026-07-17 17:36:10.715447,691.0323723732987,0.004883105100937801,999.8497539978582
2026-07-17 17:36:10.892895,691.0323723732987,0.004883105100937801,999.8497539978582
2026-07-17 17:36:11.051651,691.0323723732987,0.004883105100937801,999.8497539978582
2026-07-17 17:36:11.225581,691.0323723732987,0.004883105100937801,999.8497051668071
2026-07-17 17:36:11.376618,691.0323723732987,0.004883105100937801,999.8497051668071
2026-07-17 17:36:11.516103,691.0323723732987,0.004883105100937801,999.8497051668071
2026-07-17 17:36:11.652504,691.0323723732987,0.004883105100937801,999.8497539978582
2026-07-17 17:36:11.827932,691.0323723732987,0.004883105100937801,999.9125995605073
2026-07-17 17:36:11.966083,721.9203950920196,0.004394794590844021,999.9125995605073
2026-07-17 17:36:12.128167,721.9203950920196,0.004394794590844021,999.9144014262895
2026-07-17 17:36:12.296903,721.9203950920196,0.004394794590844021,999.917477782503
2026-07-17 17:36:12.515349,749.7201033610679,0.003955315131759619,999.917477782503
2026-07-17 17:36:12.690329,749.7201033610679,0.003955315131759619,999.917477782503
2026-07-17 17:36:12.846035,749.7201033610679,0.003955315131759619,999.917477782503
2026-07-17 17:36:13.014048,749.7201033610679,0.003955315131759619,999.9500300260374
2026-07-17 17:36:13.184102,774.7430960275649,0.003559783618583657,999.9634504102795
2026-07-17 17:36:13.357402,797.2651314658364,0.0032038052567252913,999.9860692753921
2026-07-17 17:36:13.530231,817.5372252467919,0.002883424731052762,999.986069275392
2026-07-17 17:36:13.680850,817.5372252467919,0.002883424731052762,999.986069275392
2026-07-17 17:36:13.833497,817.5372252467919,0.002883424731052762,999.986069275392
2026-07-17 17:36:13.995033,817.5372252467919,0.002883424731052762,999.9860404411446
2026-07-17 17:36:14.157463,817.5372252467919,0.002883424731052762,999.9860404411446
2026-07-17 17:36:14.308466,817.5372252467919,0.002883424731052762,999.9860404411446
2026-07-17 17:36:14.469801,817.5372252467919,0.002883424731052762,999.9860404411446
2026-07-17 17:36:14.622683,817.5372252467919,0.002883424731052762,999.986069275392
2026-07-17 17:36:14.774341,817.5372252467919,0.002883424731052762,999.986069275392
2026-07-17 17:36:14.976663,817.5372252467919,0.002883424731052762,999.986069275392
2026-07-17 17:36:15.114892,817.5372252467919,0.002883424731052762,999.9860404411446
2026-07-17 17:36:15.252818,817.5372252467919,0.002883424731052762,999.9860404411446
2026-07-17 17:36:15.401003,817.5372252467919,0.002883424731052762,999.9860404411446
2026-07-17 17:36:15.557209,817.5372252467919,0.002883424731052762,999.9860404411446
2026-07-17 17:36:15.694645,817.5372252467919,0.002883424731052762,999.9860404411446
2026-07-17 17:36:15.833139,817.5372252467919,0.002883424731052762,999.986069275392
2026-07-17 17:36:15.997650,817.5372252467919,0.002883424731052762,999.9773036642096
2026-07-17 17:36:16.174105,735.7835027221126,0.004175524073632193,999.9773036642096
2026-07-17 17:36:16.340928,735.7835027221126,0.004175524073632193,999.9772619089688
2026-07-17 17:36:16.490549,735.7835027221126,0.004175524073632193,999.9772619089688
2026-07-17 17:36:16.685817,735.7835027221126,0.004175524073632193,999.9772619089688
2026-07-17 17:36:16.882645,735.7835027221126,0.004175524073632193,999.953002114101
2026-07-17 17:36:17.073855,662.2051524499013,0.005338520458782164,999.9413641395008
2026-07-17 17:36:17.260686,595.9846372049112,0.00638525327330009,999.9413641395008
2026-07-17 17:36:17.485152,595.9846372049112,0.00638525327330009,999.9413641395008
2026-07-17 17:36:17.662632,595.9846372049112,0.00638525327330009,999.941300286968
2026-07-17 17:36:17.833953,595.9846372049112,0.00638525327330009,999.941300286968
2026-07-17 17:36:18.025549,595.9846372049112,0.00638525327330009,999.903052619861
2026-07-17 17:36:18.189046,536.38617348442,0.0073274021603816014,999.903052619861
2026-07-17 17:36:18.351524,536.38617348442,0.0073274021603816014,999.903052619861
2026-07-17 17:36:18.506387,536.38617348442,0.0073274021603816014,999.903052619861
2026-07-17 17:36:18.662417,536.38617348442,0.0073274021603816014,999.903052619861
2026-07-17 17:36:18.839797,536.38617348442,0.0073274021603816014,999.903052619861
2026-07-17 17:36:19.005819,536.38617348442,0.0073274021603816014,999.903052619861
2026-07-17 17:36:19.175328,536.38617348442,0.0073274021603816014,999.903052619861
2026-07-17 17:36:19.341396,536.38617348442,0.0073274021603816014,999.903052619861
2026-07-17 17:36:19.506279,536.38617348442,0.0073274021603816014,999.8883978155402
2026-07-17 17:36:19.647070,482.747556135978,0.008175362968349762,999.8883978155402
2026-07-17 17:36:19.872980,482.747556135978,0.008175362968349762,999.8883978155402
2026-07-17 17:36:20.014152,482.747556135978,0.008175362968349762,999.8883978155402
2026-07-17 17:36:20.216761,482.747556135978,0.008175362968349762,999.8883160619106
2026-07-17 17:36:20.383415,482.747556135978,0.008175362968349762,999.8883160619106
2026-07-17 17:36:20.546843,482.747556135978,0.008175362968349762,999.8883160619106
2026-07-17 17:36:20.703385,482.747556135978,0.008175362968349762,999.8720470896036
2026-07-17 17:36:20.886715,434.4728005223802,0.008938551825682251,999.8362928823009
2026-07-17 17:36:21.085222,391.02552047014217,0.009625465235691799,999.8362928823009
2026-07-17 17:36:21.240349,391.02552047014217,0.009625465235691799,999.8361966276485
2026-07-17 17:36:21.382445,391.02552047014217,0.009625465235691799,999.8362928823009
2026-07-17 17:36:21.553525,391.02552047014217,0.009625465235691799,999.8362928823009
2026-07-17 17:36:21.750300,391.02552047014217,0.009625465235691799,1000.0093587472386
2026-07-17 17:36:21.906428,451.92390429785183,0.00866291871212262,1000.0093587472386
2026-07-17 17:36:22.102312,451.92390429785183,0.00866291871212262,1000.0093587472386
2026-07-17 17:36:22.239604,451.92390429785183,0.00866291871212262,1000.0093587472386
2026-07-17 17:36:22.472423,451.92390429785183,0.00866291871212262,1000.0093587472386
2026-07-17 17:36:22.652136,451.92390429785183,0.00866291871212262,1000.0093587472386
2026-07-17 17:36:22.819838,451.92390429785183,0.00866291871212262,1000.0094453764257
2026-07-17 17:36:23.001939,451.92390429785183,0.00866291871212262,1000.0094453764257
2026-07-17 17:36:23.169937,451.92390429785183,0.00866291871212262,1000.0094453764257
2026-07-17 17:36:23.319838,451.92390429785183,0.00866291871212262,1000.0093587472386
2026-07-17 17:36:23.456036,451.92390429785183,0.00866291871212262,1000.0093587472386
2026-07-17 17:36:23.610782,451.92390429785183,0.00866291871212262,1000.0266845846629
2026-07-17 17:36:23.752745,506.73418232653296,0.007796626840910358,1000.0266845846629
2026-07-17 17:36:23.958568,506.73418232653296,0.007796626840910358,1000.0660575502095
2026-07-17 17:36:24.097478,556.0673698489006,0.007016964156819322,1000.066127719851
2026-07-17 17:36:24.257064,556.0673698489006,0.007016964156819322,1000.066127719851
2026-07-17 17:36:24.417000,556.0673698489006,0.007016964156819322,1000.0660575502095
2026-07-17 17:36:24.577640,556.0673698489006,0.007016964156819322,1000.0660575502095
2026-07-17 17:36:24.833554,556.0673698489006,0.007016964156819322,1000.139104147082
2026-07-17 17:36:25.140622,600.4745432787188,0.00631526774113739,1000.139104147082
2026-07-17 17:36:25.338631,600.4745432787188,0.00631526774113739,1000.139104147082
2026-07-17 17:36:25.473639,600.4745432787188,0.00631526774113739,1000.139104147082
2026-07-17 17:36:25.618948,600.4745432787188,0.00631526774113739,1000.139104147082
2026-07-17 17:36:25.783501,600.4745432787188,0.00631526774113739,1000.1390409944046
2026-07-17 17:36:25.958446,600.4745432787188,0.00631526774113739,1000.1390409944046
2026-07-17 17:36:26.120296,600.4745432787188,0.00631526774113739,1000.1390409944046
2026-07-17 17:36:26.291931,600.4745432787188,0.00631526774113739,1000.1390409944046
2026-07-17 17:36:26.442599,600.4745432787188,0.00631526774113739,1000.1390409944046
2026-07-17 17:36:26.591958,600.4745432787188,0.00631526774113739,1000.1390409944046
2026-07-17 17:36:26.722200,600.4745432787188,0.00631526774113739,1000.1390409944046
2026-07-17 17:36:26.866914,600.4745432787188,0.00631526774113739,1000.1390409944046
2026-07-17 17:36:27.021635,600.4745432787188,0.00631526774113739,1000.139104147082
2026-07-17 17:36:27.174111,600.4745432787188,0.00631526774113739,1000.139104147082
2026-07-17 17:36:27.307730,600.4745432787188,0.00631526774113739,1000.139104147082
2026-07-17 17:36:27.493291,600.4745432787188,0.00631526774113739,1000.139104147082
2026-07-17 17:36:27.628961,600.4745432787188,0.00631526774113739,1000.1390409944046
2026-07-17 17:36:27.799593,600.4745432787188,0.00631526774113739,1000.1390409944046
2026-07-17 17:36:27.935112,600.4745432787188,0.00631526774113739,1000.1390409944046
2026-07-17 17:36:28.086080,600.4745432787188,0.00631526774113739,1000.139104147082
2026-07-17 17:36:28.244297,600.4745432787188,0.00631526774113739,1000.139104147082
2026-07-17 17:36:28.378620,600.4745432787188,0.00631526774113739,1000.1390409944046
2026-07-17 17:36:28.525831,600.4745432787188,0.00631526774113739,1000.1390409944046
2026-07-17 17:36:28.668788,600.4745432787188,0.00631526774113739,1000.1390409944046
2026-07-17 17:36:28.814861,600.4745432787188,0.00631526774113739,1000.139104147082
2026-07-17 17:36:28.954960,600.4745432787188,0.00631526774113739,1000.139104147082
2026-07-17 17:36:29.090412,600.4745432787188,0.00631526774113739,1000.139104147082
2026-07-17 17:36:29.229716,600.4745432787188,0.00631526774113739,1000.139104147082
2026-07-17 17:36:29.366149,600.4745432787188,0.00631526774113739,1000.139104147082
2026-07-17 17:36:29.550488,600.4745432787188,0.00631526774113739,1000.139104147082
2026-07-17 17:36:29.682289,600.4745432787188,0.00631526774113739,1000.139104147082
2026-07-17 17:36:29.821152,600.4745432787188,0.00631526774113739,1000.139104147082
2026-07-17 17:36:29.961412,600.4745432787188,0.00631526774113739,1000.1390409944046
2026-07-17 17:36:30.107287,600.4745432787188,0.00631526774113739,1000.1390409944046
2026-07-17 17:36:30.248543,600.4745432787188,0.00631526774113739,1000.139104147082
2026-07-17 17:36:30.393423,600.4745432787188,0.00631526774113739,1000.1390409944046
2026-07-17 17:36:30.547811,600.4745432787188,0.00631526774113739,1000.1387883836949
2026-07-17 17:36:30.699675,600.4745432787188,0.00631526774113739,1000.1230633670195
2026-07-17 17:36:30.828474,540.427088950847,0.007264140893902834,1000.1230633670195
2026-07-17 17:36:30.987752,540.427088950847,0.007264140893902834,1000.1229907256106
2026-07-17 17:36:31.193759,540.427088950847,0.007264140893902834,1000.1229907256106
2026-07-17 17:36:31.413072,540.427088950847,0.007264140893902834,1000.1230633670195
2026-07-17 17:36:31.633710,540.427088950847,0.007264140893902834,1000.1229907256106
2026-07-17 17:36:31.858275,540.427088950847,0.007264140893902834,1000.1229907256106
2026-07-17 17:36:32.126516,540.427088950847,0.007264140893902834,1000.1230633670195
2026-07-17 17:36:32.297233,540.427088950847,0.007264140893902834,1000.1230633670195
2026-07-17 17:36:32.461385,540.427088950847,0.007264140893902834,1000.1230633670195
2026-07-17 17:36:32.597476,540.427088950847,0.007264140893902834,1000.1229907256106
2026-07-17 17:36:32.746662,540.427088950847,0.007264140893902834,1000.1229907256106
2026-07-17 17:36:32.880661,540.427088950847,0.007264140893902834,1000.1229907256106
2026-07-17 17:36:33.030606,540.427088950847,0.007264140893902834,1000.1229907256106
2026-07-17 17:36:33.297117,540.427088950847,0.007264140893902834,1000.1229907256106
2026-07-17 17:36:33.529282,540.427088950847,0.007264140893902834,1000.1229907256106
2026-07-17 17:36:33.760927,540.427088950847,0.007264140893902834,1000.1230633670195
2026-07-17 17:36:33.896559,540.427088950847,0.007264140893902834,1000.1230633670195
2026-07-17 17:36:34.048425,540.427088950847,0.007264140893902834,1000.1229907256106
2026-07-17 17:36:34.198063,540.427088950847,0.007264140893902834,1000.1229907256106
2026-07-17 17:36:34.345045,540.427088950847,0.007264140893902834,1000.1229907256106
2026-07-17 17:36:34.578123,540.427088950847,0.007264140893902834,1000.1229907256106
2026-07-17 17:36:34.846349,540.427088950847,0.007264140893902834,1000.1229907256106
2026-07-17 17:36:34.997719,540.427088950847,0.007264140893902834,1000.1229907256106
2026-07-17 17:36:35.132184,540.427088950847,0.007264140893902834,1000.1229907256106
2026-07-17 17:36:35.280417,540.427088950847,0.007264140893902834,1000.1229907256106
2026-07-17 17:36:35.432658,540.427088950847,0.007264140893902834,1000.1229907256106
2026-07-17 17:36:35.576586,540.427088950847,0.007264140893902834,1000.1229907256106
2026-07-17 17:36:35.728630,540.427088950847,0.007264140893902834,1000.1230633670195
2026-07-17 17:36:35.887133,540.427088950847,0.007264140893902834,1000.1230633670195
2026-07-17 17:36:36.049748,540.427088950847,0.007264140893902834,1000.1230633670195
2026-07-17 17:36:36.236230,540.427088950847,0.007264140893902834,1000.1230633670195
2026-07-17 17:36:36.447718,540.427088950847,0.007264140893902834,1000.1230633670195
2026-07-17 17:36:36.633152,540.427088950847,0.007264140893902834,1000.1230633670195
2026-07-17 17:36:36.812273,540.427088950847,0.007264140893902834,1000.1230633670195
2026-07-17 17:36:36.968448,540.427088950847,0.007264140893902834,1000.1230633670195
2026-07-17 17:36:37.122397,540.427088950847,0.007264140893902834,1000.1230633670195
2026-07-17 17:36:37.358428,540.427088950847,0.007264140893902834,1000.1455095623817
2026-07-17 17:36:37.513582,586.3989310120004,0.006537726804512551,1000.1455095623817
2026-07-17 17:36:37.718648,586.3989310120004,0.006537726804512551,1000.1585850159906
2026-07-17 17:36:37.869430,627.7748964123995,0.005883954124061296,1000.1585261764495
2026-07-17 17:36:38.049757,627.7748964123995,0.005883954124061296,1000.1585850159909
2026-07-17 17:36:38.213925,627.7748964123995,0.005883954124061296,1000.1585261764495
2026-07-17 17:36:38.377829,627.7748964123995,0.005883954124061296,1000.1585261764495
2026-07-17 17:36:38.585874,627.7748964123995,0.005883954124061296,1000.1585261764495
2026-07-17 17:36:38.811141,627.7748964123995,0.005883954124061296,1000.1585261764495
2026-07-17 17:36:39.048968,627.7748964123995,0.005883954124061296,1000.1585850159909
2026-07-17 17:36:39.295077,627.7748964123995,0.005883954124061296,1000.1585850159909
2026-07-17 17:36:39.467554,627.7748964123995,0.005883954124061296,1000.1585850159909
2026-07-17 17:36:39.639100,627.7748964123995,0.005883954124061296,1000.1585261764495
2026-07-17 17:36:39.814831,627.7748964123995,0.005883954124061296,1000.1585261764495
2026-07-17 17:36:39.981125,627.7748964123995,0.005883954124061296,1000.1585850159909
2026-07-17 17:36:40.199520,627.7748964123995,0.005883954124061296,1000.1585850159909
2026-07-17 17:36:40.397676,627.7748964123995,0.005883954124061296,1000.1585850159909
2026-07-17 17:36:40.571419,627.7748964123995,0.005883954124061296,1000.1585261764495
2026-07-17 17:36:40.740089,627.7748964123995,0.005883954124061296,1000.1585261764495
2026-07-17 17:36:40.922356,627.7748964123995,0.005883954124061296,1000.1585261764495
2026-07-17 17:36:41.110142,627.7748964123995,0.005883954124061296,1000.1585261764495
2026-07-17 17:36:41.287051,627.7748964123995,0.005883954124061296,1000.1585261764495
2026-07-17 17:36:41.454347,627.7748964123995,0.005883954124061296,1000.1585261764495
2026-07-17 17:36:41.637707,627.7748964123995,0.005883954124061296,1000.1585850159909
2026-07-17 17:36:41.860709,627.7748964123995,0.005883954124061296,1000.1585850159909
2026-07-17 17:36:42.046621,627.7748964123995,0.005883954124061296,1000.1585261764495
2026-07-17 17:36:42.257844,627.7748964123995,0.005883954124061296,1000.1585261764495
2026-07-17 17:36:42.443717,627.7748964123995,0.005883954124061296,1000.1585261764495
2026-07-17 17:36:42.625710,627.7748964123995,0.005883954124061296,1000.1585261764495
2026-07-17 17:36:42.884743,627.7748964123995,0.005883954124061296,1000.1702940846976
2026-07-17 17:36:43.095873,665.0144361796293,0.005295558711655167,1000.1702940846977
2026-07-17 17:36:43.342053,665.0144361796293,0.005295558711655167,1000.1703470402849
2026-07-17 17:36:43.610078,665.0144361796293,0.005295558711655167,1000.1702940846977
2026-07-17 17:36:43.849199,665.0144361796293,0.005295558711655167,1000.1702940846977
2026-07-17 17:36:44.059453,665.0144361796293,0.005295558711655167,1000.1702940846977
2026-07-17 17:36:44.261963,665.0144361796293,0.005295558711655167,1000.1703470402849
2026-07-17 17:36:44.467595,665.0144361796293,0.005295558711655167,1000.1703470402849
2026-07-17 17:36:44.668652,665.0144361796293,0.005295558711655167,1000.1703470402849
2026-07-17 17:36:44.869761,665.0144361796293,0.005295558711655167,1000.1703470402849
2026-07-17 17:36:45.077650,665.0144361796293,0.005295558711655167,1000.1703470402849
2026-07-17 17:36:45.276104,665.0144361796293,0.005295558711655167,1000.1703470402849
2026-07-17 17:36:45.473884,665.0144361796293,0.005295558711655167,1000.1703470402849
2026-07-17 17:36:45.655281,665.0144361796293,0.005295558711655167,1000.1703470402849
2026-07-17 17:36:45.840029,665.0144361796293,0.005295558711655167,1000.1702940846977
2026-07-17 17:36:46.070185,665.0144361796293,0.005295558711655167,1000.1702940846977
2026-07-17 17:36:46.263930,665.0144361796293,0.005295558711655167,1000.1702940846977
2026-07-17 17:36:46.440498,665.0144361796293,0.005295558711655167,1000.1702940846977
2026-07-17 17:36:46.613403,665.0144361796293,0.005295558711655167,1000.1703470402849
2026-07-17 17:36:46.804398,665.0144361796293,0.005295558711655167,1000.1703470402849
2026-07-17 17:36:47.009499,665.0144361796293,0.005295558711655167,1000.1703470402849
2026-07-17 17:36:47.209810,665.0144361796293,0.005295558711655167,1000.1703470402849
2026-07-17 17:36:47.413697,665.0144361796293,0.005295558711655167,1000.1702940846977
2026-07-17 17:36:47.588550,665.0144361796293,0.005295558711655167,1000.1702940846977
2026-07-17 17:36:47.804981,665.0144361796293,0.005295558711655167,1000.1703470402849
2026-07-17 17:36:48.002303,665.0144361796293,0.005295558711655167,1000.1702940846977
2026-07-17 17:36:48.204325,665.0144361796293,0.005295558711655167,1000.1702940846977
2026-07-17 17:36:48.508211,665.0144361796293,0.005295558711655167,1000.1703470402849
2026-07-17 17:36:48.719332,665.0144361796293,0.005295558711655167,1000.1703470402849
2026-07-17 17:36:48.957626,665.0144361796293,0.005295558711655167,1000.1702940846977
2026-07-17 17:36:49.152230,665.0144361796293,0.005295558711655167,1000.1703470402849
2026-07-17 17:36:49.343438,665.0144361796293,0.005295558711655167,1000.1703470402849
2026-07-17 17:36:49.520429,665.0144361796293,0.005295558711655167,1000.1703470402849
2026-07-17 17:36:49.711718,665.0144361796293,0.005295558711655167,1000.1702940846977
2026-07-17 17:36:49.917748,665.0144361796293,0.005295558711655167,1000.1491648054382
2026-07-17 17:36:50.114328,598.5129925616664,0.006346366846439525,1000.1492282691066
2026-07-17 17:36:50.349666,598.5129925616664,0.006346366846439525,1000.1134347600928
2026-07-17 17:36:50.589823,538.6616933054997,0.007292178308290438,1000.0949855489728
2026-07-17 17:36:50.847423,484.7955239749498,0.008143442658188444,1000.0721839095299
2026-07-17 17:36:51.078757,436.3159715774548,0.008909614475661732,1000.0722730056747
2026-07-17 17:36:51.298533,436.3159715774548,0.008909614475661732,1000.0721839095299
2026-07-17 17:36:51.519652,436.3159715774548,0.008909614475661732,1000.0721839095299
2026-07-17 17:36:51.804324,436.3159715774548,0.008909614475661732,1000.0721839095299
2026-07-17 17:36:52.062135,436.3159715774548,0.008909614475661732,1000.0721839095299
2026-07-17 17:36:52.391793,436.3159715774548,0.008909614475661732,1000.0722730056747
2026-07-17 17:36:52.595020,436.3159715774548,0.008909614475661732,1000.0721839095299
2026-07-17 17:36:52.836780,436.3159715774548,0.008909614475661732,999.9423708266195
2026-07-17 17:36:53.048369,392.6843744197093,0.009599327927960545,999.9423708266195
2026-07-17 17:36:53.370123,392.6843744197093,0.009599327927960545,999.9423708266195
2026-07-17 17:36:53.569346,392.6843744197093,0.009599327927960545,999.9424668198988
2026-07-17 17:36:53.747747,392.6843744197093,0.009599327927960545,999.9423708266195
2026-07-17 17:36:53.925383,392.6843744197093,0.009599327927960545,999.9423708266195
2026-07-17 17:36:54.099265,392.6843744197093,0.009599327927960545,999.9423708266195
2026-07-17 17:36:54.281857,392.6843744197093,0.009599327927960545,999.9423708266195
2026-07-17 17:36:54.449946,392.6843744197093,0.009599327927960545,999.9423708266195
2026-07-17 17:36:54.614577,392.6843744197093,0.009599327927960545,999.9424668198988
2026-07-17 17:36:54.767911,392.6843744197093,0.009599327927960545,999.9424668198988
2026-07-17 17:36:54.926492,392.6843744197093,0.009599327927960545,999.9423708266195
2026-07-17 17:36:55.130157,392.6843744197093,0.009599327927960545,999.9423708266195
2026-07-17 17:36:55.287153,392.6843744197093,0.009599327927960545,999.9423708266195
2026-07-17 17:36:55.452294,392.6843744197093,0.009599327927960545,999.9187564799167
2026-07-17 17:36:55.623610,353.41593697773834,0.010220094174669396,999.9187564799167
2026-07-17 17:36:55.816818,353.41593697773834,0.010220094174669396,999.9187564799167
2026-07-17 17:36:55.987673,353.41593697773834,0.010220094174669396,999.8983162915674
2026-07-17 17:36:56.169883,318.0743432799645,0.0107788014611039,999.8983162915674
2026-07-17 17:36:56.411764,318.0743432799645,0.0107788014611039,999.8983162915674
2026-07-17 17:36:56.712187,318.0743432799645,0.0107788014611039,999.855201085723
2026-07-17 17:36:56.926577,286.26690895196805,0.011281669817824838,999.8552010857229
2026-07-17 17:36:57.100424,286.26690895196805,0.011281669817824838,999.8552010857229
2026-07-17 17:36:57.269062,286.26690895196805,0.011281669817824838,999.8552010857229
2026-07-17 17:36:57.476103,286.26690895196805,0.011281669817824838,999.8552010857229
2026-07-17 17:36:57.670971,286.26690895196805,0.011281669817824838,999.8552010857229
2026-07-17 17:36:57.971305,286.26690895196805,0.011281669817824838,999.8550882690247
2026-07-17 17:36:58.184713,286.26690895196805,0.011281669817824838,999.8550882690247
2026-07-17 17:36:58.333321,286.26690895196805,0.011281669817824838,999.8550882690247
2026-07-17 17:36:58.476856,286.26690895196805,0.011281669817824838,999.8550882690247
2026-07-17 17:36:58.634993,286.26690895196805,0.011281669817824838,999.8550882690247
2026-07-17 17:36:58.785772,286.26690895196805,0.011281669817824838,999.8550882690247
2026-07-17 17:36:58.931358,286.26690895196805,0.011281669817824838,999.8550882690247
2026-07-17 17:36:59.174666,286.26690895196805,0.011281669817824838,999.8550882690247
2026-07-17 17:36:59.399691,286.26690895196805,0.011281669817824838,999.8550882690247
2026-07-17 17:36:59.563876,286.26690895196805,0.011281669817824838,999.8550882690247
2026-07-17 17:36:59.773932,286.26690895196805,0.011281669817824838,999.8326377460872
2026-07-17 17:36:59.943657,257.64021805677123,0.011734265649749557,999.8326377460872
2026-07-17 17:37:00.125263,257.64021805677123,0.011734265649749557,999.8326377460872
2026-07-17 17:37:00.304576,257.64021805677123,0.011734265649749557,999.7857006834882
2026-07-17 17:37:00.540692,231.87619625109411,0.012141627660502127,999.7857006834884
2026-07-17 17:37:00.786025,231.87619625109411,0.012141627660502127,999.7857006834884
2026-07-17 17:37:00.991488,231.87619625109411,0.012141627660502127,999.7874005113608
2026-07-17 17:37:01.201026,231.87619625109411,0.012141627660502127,999.7874005113608
2026-07-17 17:37:01.390520,231.87619625109411,0.012141627660502127,999.7872790950842
2026-07-17 17:37:01.574191,231.87619625109411,0.012141627660502127,999.7872790950842
2026-07-17 17:37:01.739875,231.87619625109411,0.012141627660502127,999.7874005113608
2026-07-17 17:37:01.899636,231.87619625109411,0.012141627660502127,999.7874005113608
2026-07-17 17:37:02.041868,231.87619625109411,0.012141627660502127,999.7874005113608
2026-07-17 17:37:02.204634,231.87619625109411,0.012141627660502127,999.7874005113608
2026-07-17 17:37:02.357372,231.87619625109411,0.012141627660502127,999.7874005113608
2026-07-17 17:37:02.497312,231.87619625109411,0.012141627660502127,999.7874005113608
2026-07-17 17:37:02.652201,231.87619625109411,0.012141627660502127,999.7874005113608
2026-07-17 17:37:02.798730,231.87619625109411,0.012141627660502127,999.7874005113608
2026-07-17 17:37:02.954025,231.87619625109411,0.012141627660502127,999.7874005113608
2026-07-17 17:37:03.160776,231.87619625109411,0.012141627660502127,999.8222469827464
2026-07-17 17:37:03.305422,308.67080132425934,0.010927464894451915,999.8222469827463
2026-07-17 17:37:03.508027,308.67080132425934,0.010927464894451915,999.8765564832718
2026-07-17 17:37:03.659147,377.7913768401606,0.009834718405006724,999.8765564832718
2026-07-17 17:37:03.842344,377.7913768401606,0.009834718405006724,999.8765564832718
2026-07-17 17:37:03.993590,377.7913768401606,0.009834718405006724,999.8765564832718
2026-07-17 17:37:04.145528,377.7913768401606,0.009834718405006724,999.8765564832718
2026-07-17 17:37:04.310334,377.7913768401606,0.009834718405006724,999.8765564832718
2026-07-17 17:37:04.472437,377.7913768401606,0.009834718405006724,999.8765564832718
2026-07-17 17:37:04.637679,377.7913768401606,0.009834718405006724,999.8765564832718
2026-07-17 17:37:04.804031,377.7913768401606,0.009834718405006724,999.8766548304559
2026-07-17 17:37:04.961075,377.7913768401606,0.009834718405006724,999.8766548304559
2026-07-17 17:37:05.105334,377.7913768401606,0.009834718405006724,999.8766548304559
2026-07-17 17:37:05.250857,377.7913768401606,0.009834718405006724,999.8766548304559
2026-07-17 17:37:05.445682,377.7913768401606,0.009834718405006724,999.8765564832718
2026-07-17 17:37:05.591870,377.7913768401606,0.009834718405006724,999.8765564832718
2026-07-17 17:37:05.738044,377.7913768401606,0.009834718405006724,999.8766548304559
2026-07-17 17:37:05.877895,377.7913768401606,0.009834718405006724,999.8766548304559
2026-07-17 17:37:06.029627,377.7913768401606,0.009834718405006724,999.8766548304559
2026-07-17 17:37:06.171521,377.7913768401606,0.009834718405006724,999.8766548304559
2026-07-17 17:37:06.318036,377.7913768401606,0.009834718405006724,999.8766548304559
2026-07-17 17:37:06.455784,377.7913768401606,0.009834718405006724,999.8766548304559
2026-07-17 17:37:06.602832,377.7913768401606,0.009834718405006724,999.8766548304559
2026-07-17 17:37:06.751489,377.7913768401606,0.009834718405006724,999.8765564832718
2026-07-17 17:37:06.889840,377.7913768401606,0.009834718405006724,999.8765564832718
2026-07-17 17:37:07.033123,377.7913768401606,0.009834718405006724,999.8765564832718
2026-07-17 17:37:07.179564,377.7913768401606,0.009834718405006724,999.8765564832718
2026-07-17 17:37:07.328532,377.7913768401606,0.009834718405006724,999.8765564832718
2026-07-17 17:37:07.476278,377.7913768401606,0.009834718405006724,999.8765564832718
2026-07-17 17:37:07.687086,377.7913768401606,0.009834718405006724,999.8765564832718
2026-07-17 17:37:07.853085,377.7913768401606,0.009834718405006724,999.8766548304559
2026-07-17 17:37:08.019376,377.7913768401606,0.009834718405006724,999.8766548304559
2026-07-17 17:37:08.177887,377.7913768401606,0.009834718405006724,999.8766548304559
2026-07-17 17:37:08.330470,377.7913768401606,0.009834718405006724,999.8765564832718
2026-07-17 17:37:08.497407,377.7913768401606,0.009834718405006724,999.8766548304559
2026-07-17 17:37:08.635796,377.7913768401606,0.009834718405006724,999.8766548304559
2026-07-17 17:37:08.803589,377.7913768401606,0.009834718405006724,999.8766548304559
2026-07-17 17:37:08.960858,377.7913768401606,0.009834718405006724,999.8939639348487
2026-07-17 17:37:09.124214,440.0016355496294,0.008851246564506051,999.8939639348487
2026-07-17 17:37:09.318122,440.0016355496294,0.008851246564506051,999.8959997215586
2026-07-17 17:37:09.490929,440.0016355496294,0.008851246564506051,999.8959997215586
2026-07-17 17:37:09.640036,440.0016355496294,0.008851246564506051,999.8960882340241
2026-07-17 17:37:09.818726,440.0016355496294,0.008851246564506051,999.8960882340241
2026-07-17 17:37:10.071682,440.0016355496294,0.008851246564506051,999.9660130818838
2026-07-17 17:37:10.220045,495.99807330285483,0.007966121908055446,999.9660130818838
2026-07-17 17:37:10.431711,495.99807330285483,0.007966121908055446,999.9659334206647
2026-07-17 17:37:10.592380,495.99807330285483,0.007966121908055446,999.9660927431029
2026-07-17 17:37:10.740627,495.99807330285483,0.007966121908055446,999.9660927431029
2026-07-17 17:37:10.906209,495.99807330285483,0.007966121908055446,999.9660927431029
2026-07-17 17:37:11.078616,495.99807330285483,0.007966121908055446,999.9660130818838
2026-07-17 17:37:11.312065,495.99807330285483,0.007966121908055446,999.9660130818838
2026-07-17 17:37:11.534391,495.99807330285483,0.007966121908055446,999.9667300328555
2026-07-17 17:37:11.764620,495.99807330285483,0.007966121908055446,999.9827419378908
2026-07-17 17:37:11.896192,546.3965401663585,0.007169509717249902,999.9827419378908
2026-07-17 17:37:12.067507,546.3965401663585,0.007169509717249902,999.9826702427936
2026-07-17 17:37:12.216067,546.3965401663585,0.007169509717249902,999.9826702427936
2026-07-17 17:37:12.363381,546.3965401663585,0.007169509717249902,999.9826702427936
2026-07-17 17:37:12.517427,546.3965401663585,0.007169509717249902,999.9826702427936
2026-07-17 17:37:12.665938,546.3965401663585,0.007169509717249902,999.9826702427936
2026-07-17 17:37:12.868059,546.3965401663585,0.007169509717249902,999.9827419378908
2026-07-17 17:37:13.021199,546.3965401663585,0.007169509717249902,999.9827419378908
2026-07-17 17:37:13.259144,546.3965401663585,0.007169509717249902,999.9827419378908
2026-07-17 17:37:13.521123,546.3965401663585,0.007169509717249902,999.9827419378908
2026-07-17 17:37:13.868060,546.3965401663585,0.007169509717249902,999.9827419378908
2026-07-17 17:37:14.082378,546.3965401663585,0.007169509717249902,999.9827419378908
2026-07-17 17:37:14.245984,546.3965401663585,0.007169509717249902,999.9827419378908
2026-07-17 17:37:14.377114,546.3965401663585,0.007169509717249902,999.9827419378908
2026-07-17 17:37:14.518084,546.3965401663585,0.007169509717249902,999.9827419378908
2026-07-17 17:37:14.666070,546.3965401663585,0.007169509717249902,999.9826702427936
2026-07-17 17:37:14.798327,546.3965401663585,0.007169509717249902,999.9826702427936
2026-07-17 17:37:14.938437,546.3965401663585,0.007169509717249902,999.9827419378908
2026-07-17 17:37:15.084792,546.3965401663585,0.007169509717249902,999.9827419378908
2026-07-17 17:37:15.209849,546.3965401663585,0.007169509717249902,999.9827419378908
2026-07-17 17:37:15.362214,546.3965401663585,0.007169509717249902,999.9826702427936
2026-07-17 17:37:15.548943,546.3965401663585,0.007169509717249902,999.9826702427936
2026-07-17 17:37:15.714471,546.3965401663585,0.007169509717249902,1000.0405998813089
2026-07-17 17:37:15.841907,591.7609461378536,0.0064525587455249115,1000.0405998813089
2026-07-17 17:37:16.013733,591.7609461378536,0.0064525587455249115,1000.0506013473646
2026-07-17 17:37:16.162106,632.5899116588047,0.00580730287097242,1000.0506594203932
2026-07-17 17:37:16.343522,632.5899116588047,0.00580730287097242,1000.0506013473646
2026-07-17 17:37:16.484459,632.5899116588047,0.00580730287097242,1000.0506013473646
2026-07-17 17:37:16.638334,632.5899116588047,0.00580730287097242,1000.0506594203932
2026-07-17 17:37:16.796438,632.5899116588047,0.00580730287097242,1000.0506594203932
2026-07-17 17:37:16.938592,632.5899116588047,0.00580730287097242,1000.0506013473646
2026-07-17 17:37:17.091566,632.5899116588047,0.00580730287097242,1000.0506013473646
2026-07-17 17:37:17.239073,632.5899116588047,0.00580730287097242,1000.0506013473646
2026-07-17 17:37:17.383847,632.5899116588047,0.00580730287097242,1000.0506594203932
2026-07-17 17:37:17.535375,632.5899116588047,0.00580730287097242,1000.0506594203932
2026-07-17 17:37:17.676140,632.5899116588047,0.00580730287097242,1000.0506594203932
2026-07-17 17:37:17.817916,632.5899116588047,0.00580730287097242,1000.0506013473646
2026-07-17 17:37:18.013037,632.5899116588047,0.00580730287097242,1000.0506013473646
2026-07-17 17:37:18.145292,632.5899116588047,0.00580730287097242,1000.0506013473646
2026-07-17 17:37:18.298768,632.5899116588047,0.00580730287097242,1000.0506013473646
2026-07-17 17:37:18.429608,632.5899116588047,0.00580730287097242,1000.0506013473646
2026-07-17 17:37:18.574294,632.5899116588047,0.00580730287097242,1000.0506013473646
2026-07-17 17:37:18.718680,632.5899116588047,0.00580730287097242,1000.0506013473646
2026-07-17 17:37:18.850905,632.5899116588047,0.00580730287097242,1000.0506013473646
2026-07-17 17:37:18.991122,632.5899116588047,0.00580730287097242,1000.0506013473646
2026-07-17 17:37:19.128817,632.5899116588047,0.00580730287097242,1000.0506013473646
2026-07-17 17:37:19.269802,632.5899116588047,0.00580730287097242,1000.0472911847281
2026-07-17 17:37:19.403398,632.5899116588047,0.00580730287097242,1000.0472331116994
2026-07-17 17:37:19.548416,632.5899116588047,0.00580730287097242,1000.0472911847281
2026-07-17 17:37:19.680737,632.5899116588047,0.00580730287097242,1000.0472911847281
2026-07-17 17:37:19.817068,632.5899116588047,0.00580730287097242,1000.0472911847281
2026-07-17 17:37:19.961727,632.5899116588047,0.00580730287097242,1000.0472331116994
2026-07-17 17:37:20.158869,632.5899116588047,0.00580730287097242,1000.0472911847281
2026-07-17 17:37:20.298928,632.5899116588047,0.00580730287097242,1000.0472911847281
2026-07-17 17:37:20.434049,632.5899116588047,0.00580730287097242,1000.0472911847281
2026-07-17 17:37:20.573520,632.5899116588047,0.00580730287097242,1000.0472911847281
2026-07-17 17:37:20.721525,632.5899116588047,0.00580730287097242,1000.0472911847281
2026-07-17 17:37:20.860537,632.5899116588047,0.00580730287097242,1000.0472331116994
2026-07-17 17:37:20.993692,632.5899116588047,0.00580730287097242,1000.0472331116994
2026-07-17 17:37:21.128690,632.5899116588047,0.00580730287097242,1000.0472331116994
2026-07-17 17:37:21.274800,632.5899116588047,0.00580730287097242,1000.0472331116994
2026-07-17 17:37:21.409934,632.5899116588047,0.00580730287097242,1000.0472331116994
2026-07-17 17:37:21.547325,632.5899116588047,0.00580730287097242,1000.0472331116994
2026-07-17 17:37:21.692251,632.5899116588047,0.00580730287097242,1000.0472331116994
2026-07-17 17:37:21.823855,632.5899116588047,0.00580730287097242,1000.0472331116994
2026-07-17 17:37:21.964278,632.5899116588047,0.00580730287097242,1000.0472331116994
2026-07-17 17:37:22.097346,632.5899116588047,0.00580730287097242,1000.0472331116994
2026-07-17 17:37:22.244573,632.5899116588047,0.00580730287097242,1000.0598930319582
2026-07-17 17:37:22.437304,669.33690979612,0.005226572583875178,1000.0598930319582
2026-07-17 17:37:22.594026,669.33690979612,0.005226572583875178,1000.0703461771259
2026-07-17 17:37:22.740397,702.4102534342206,0.00470391532548766,1000.0703461771259
2026-07-17 17:37:22.892883,702.4102534342206,0.00470391532548766,1000.0703461771259
2026-07-17 17:37:23.042771,702.4102534342206,0.00470391532548766,1000.0703461771259
2026-07-17 17:37:23.205086,702.4102534342206,0.00470391532548766,1000.0703461771259
2026-07-17 17:37:23.357188,702.4102534342206,0.00470391532548766,1000.0703461771259
2026-07-17 17:37:23.507350,702.4102534342206,0.00470391532548766,1000.0703461771259
2026-07-17 17:37:23.658363,702.4102534342206,0.00470391532548766,1000.0703932162792
2026-07-17 17:37:23.815780,702.4102534342206,0.00470391532548766,1000.0703461771259
2026-07-17 17:37:23.962932,702.4102534342206,0.00470391532548766,1000.0703461771259
2026-07-17 17:37:24.121468,702.4102534342206,0.00470391532548766,1000.0703932162792
2026-07-17 17:37:24.256511,702.4102534342206,0.00470391532548766,1000.0703932162792
2026-07-17 17:37:24.397908,702.4102534342206,0.00470391532548766,1000.0703461771259
2026-07-17 17:37:24.540110,702.4102534342206,0.00470391532548766,1000.0703461771259
2026-07-17 17:37:24.731841,702.4102534342206,0.00470391532548766,1000.0703461771259
2026-07-17 17:37:24.869748,702.4102534342206,0.00470391532548766,1000.0703932162792
2026-07-17 17:37:25.086377,702.4102534342206,0.00470391532548766,1000.0703932162792
2026-07-17 17:37:25.312003,702.4102534342206,0.00470391532548766,1000.0703932162792
2026-07-17 17:37:25.473276,702.4102534342206,0.00470391532548766,1000.0703932162792
2026-07-17 17:37:25.605575,702.4102534342206,0.00470391532548766,1000.0703461771259
2026-07-17 17:37:25.739544,702.4102534342206,0.00470391532548766,1000.0703461771259
2026-07-17 17:37:25.877398,702.4102534342206,0.00470391532548766,1000.0703932162792
2026-07-17 17:37:26.014077,702.4102534342206,0.00470391532548766,1000.0703932162792
2026-07-17 17:37:26.156583,702.4102534342206,0.00470391532548766,1000.0703932162792
2026-07-17 17:37:26.296306,702.4102534342206,0.00470391532548766,1000.0703932162792
2026-07-17 17:37:26.431308,702.4102534342206,0.00470391532548766,1000.0703932162792
2026-07-17 17:37:26.569100,702.4102534342206,0.00470391532548766,1000.0703932162792
2026-07-17 17:37:26.713434,702.4102534342206,0.00470391532548766,1000.0703932162792
2026-07-17 17:37:26.856439,702.4102534342206,0.00470391532548766,1000.0703461771259
2026-07-17 17:37:26.990283,702.4102534342206,0.00470391532548766,1000.0703461771259
2026-07-17 17:37:27.176840,702.4102534342206,0.00470391532548766,1000.0703932162792
2026-07-17 17:37:27.322254,702.4102534342206,0.00470391532548766,1000.0703932162792
2026-07-17 17:37:27.457071,702.4102534342206,0.00470391532548766,1000.0703932162792
2026-07-17 17:37:27.591458,702.4102534342206,0.00470391532548766,1000.0703932162792
2026-07-17 17:37:27.784778,702.4102534342206,0.00470391532548766,1000.0703932162792
2026-07-17 17:37:28.009011,702.4102534342206,0.00470391532548766,1000.0703932162792
2026-07-17 17:37:28.201844,702.4102534342206,0.00470391532548766,1000.0703461771259
2026-07-17 17:37:28.335763,702.4102534342206,0.00470391532548766,1000.0703461771259
2026-07-17 17:37:28.474614,702.4102534342206,0.00470391532548766,1000.0703932162792
2026-07-17 17:37:28.619621,702.4102534342206,0.00470391532548766,1000.0703932162792
2026-07-17 17:37:28.753913,702.4102534342206,0.00470391532548766,1000.0703932162792
2026-07-17 17:37:28.895644,702.4102534342206,0.00470391532548766,1000.0703932162792
2026-07-17 17:37:29.039601,702.4102534342206,0.00470391532548766,1000.0703932162792
2026-07-17 17:37:29.172881,702.4102534342206,0.00470391532548766,1000.0703932162792
2026-07-17 17:37:29.317323,702.4102534342206,0.00470391532548766,1000.0703461771259
2026-07-17 17:37:29.507721,702.4102534342206,0.00470391532548766,1000.0703461771259
2026-07-17 17:37:29.640303,702.4102534342206,0.00470391532548766,1000.0703461771259
2026-07-17 17:37:29.790185,702.4102534342206,0.00470391532548766,1000.0703461771259
2026-07-17 17:37:30.026669,702.4102534342206,0.00470391532548766,1000.0703461771259
2026-07-17 17:37:30.233322,702.4102534342206,0.00470391532548766,1000.0703932162792
2026-07-17 17:37:30.370000,702.4102534342206,0.00470391532548766,1000.0703932162792
2026-07-17 17:37:30.505711,702.4102534342206,0.00470391532548766,1000.0703932162792
2026-07-17 17:37:30.643531,702.4102534342206,0.00470391532548766,1000.0703932162792
2026-07-17 17:37:30.783624,702.4102534342206,0.00470391532548766,1000.0703932162792
2026-07-17 17:37:30.921286,702.4102534342206,0.00470391532548766,1000.0703932162792
2026-07-17 17:37:31.054679,702.4102534342206,0.00470391532548766,1000.0703932162792
2026-07-17 17:37:31.188411,702.4102534342206,0.00470391532548766,1000.0703932162792
2026-07-17 17:37:31.323668,702.4102534342206,0.00470391532548766,1000.0703932162792
2026-07-17 17:37:31.472010,702.4102534342206,0.00470391532548766,1000.0703461771259
2026-07-17 17:37:31.615880,702.4102534342206,0.00470391532548766,1000.0703461771259
2026-07-17 17:37:31.750030,702.4102534342206,0.00470391532548766,1000.0703461771259
2026-07-17 17:37:31.935753,702.4102534342206,0.00470391532548766,1000.0703932162792
2026-07-17 17:37:32.067648,702.4102534342206,0.00470391532548766,1000.0703932162792
2026-07-17 17:37:32.205630,702.4102534342206,0.00470391532548766,1000.0703461771259
2026-07-17 17:37:32.347582,702.4102534342206,0.00470391532548766,1000.0703461771259
2026-07-17 17:37:32.484225,702.4102534342206,0.00470391532548766,1000.0703461771259
2026-07-17 17:37:32.624952,702.4102534342206,0.00470391532548766,1000.0703461771259
2026-07-17 17:37:32.766715,702.4102534342206,0.00470391532548766,1000.0703461771259
2026-07-17 17:37:32.903634,702.4102534342206,0.00470391532548766,1000.0703461771259
2026-07-17 17:37:33.035828,702.4102534342206,0.00470391532548766,1000.0703461771259
2026-07-17 17:37:33.175079,702.4102534342206,0.00470391532548766,1000.0703461771259
2026-07-17 17:37:33.315316,702.4102534342206,0.00470391532548766,1000.0703932162792
2026-07-17 17:37:33.453692,702.4102534342206,0.00470391532548766,1000.0703932162792
2026-07-17 17:37:33.589377,702.4102534342206,0.00470391532548766,1000.0703932162792
2026-07-17 17:37:33.723659,702.4102534342206,0.00470391532548766,1000.0703932162792
2026-07-17 17:37:33.869318,702.4102534342206,0.00470391532548766,1000.0703932162792
2026-07-17 17:37:34.050453,702.4102534342206,0.00470391532548766,1000.0703461771259
2026-07-17 17:37:34.181919,702.4102534342206,0.00470391532548766,1000.0703461771259
2026-07-17 17:37:34.321565,702.4102534342206,0.00470391532548766,1000.0703932162792
2026-07-17 17:37:34.464049,702.4102534342206,0.00470391532548766,1000.0703461771259
2026-07-17 17:37:34.597090,702.4102534342206,0.00470391532548766,1000.0703461771259
2026-07-17 17:37:34.731588,702.4102534342206,0.00470391532548766,1000.0703932162792
2026-07-17 17:37:34.874684,702.4102534342206,0.00470391532548766,1000.0703932162792
2026-07-17 17:37:35.021878,702.4102534342206,0.00470391532548766,1000.0703461771259
2026-07-17 17:37:35.162360,702.4102534342206,0.00470391532548766,1000.0703461771259
2026-07-17 17:37:35.320845,702.4102534342206,0.00470391532548766,1000.0523772205825
2026-07-17 17:37:35.464969,632.1692280907986,0.0058139995816665554,1000.050342320729
2026-07-17 17:37:35.628701,632.1692280907986,0.0058139995816665554,1000.050342320729
2026-07-17 17:37:35.768784,632.1692280907986,0.0058139995816665554,1000.050342320729
2026-07-17 17:37:35.918147,632.1692280907986,0.0058139995816665554,1000.050342320729
2026-07-17 17:37:36.066515,632.1692280907986,0.0058139995816665554,1000.044295761164
2026-07-17 17:37:36.222317,568.9523052817187,0.006813097359870906,1000.0034853079784
2026-07-17 17:37:36.460967,512.0570747535469,0.007712370492302929,1000.0034853079784
2026-07-17 17:37:36.629663,512.0570747535469,0.007712370492302929,1000.0034081842736
2026-07-17 17:37:36.799645,512.0570747535469,0.007712370492302929,1000.0034081842736
2026-07-17 17:37:36.958912,512.0570747535469,0.007712370492302929,1000.0034081842736
2026-07-17 17:37:37.120173,512.0570747535469,0.007712370492302929,1000.0034081842736
2026-07-17 17:37:37.283303,512.0570747535469,0.007712370492302929,1000.0034853079784
2026-07-17 17:37:37.440924,512.0570747535469,0.007712370492302929,1000.0034853079784
2026-07-17 17:37:37.586031,512.0570747535469,0.007712370492302929,1000.0034853079784
2026-07-17 17:37:37.746678,512.0570747535469,0.007712370492302929,1000.0034081842736
2026-07-17 17:37:37.878129,512.0570747535469,0.007712370492302929,1000.0034081842736
2026-07-17 17:37:38.013425,512.0570747535469,0.007712370492302929,1000.0034081842736
2026-07-17 17:37:38.151036,512.0570747535469,0.007712370492302929,1000.0034081842736
2026-07-17 17:37:38.299024,512.0570747535469,0.007712370492302929,1000.0034081842736
2026-07-17 17:37:38.445121,512.0570747535469,0.007712370492302929,1000.0034081842736
2026-07-17 17:37:38.580069,512.0570747535469,0.007712370492302929,1000.0034081842736
2026-07-17 17:37:38.774897,512.0570747535469,0.007712370492302929,1000.0034081842736
2026-07-17 17:37:38.908788,512.0570747535469,0.007712370492302929,1000.0034081842736
2026-07-17 17:37:39.054991,512.0570747535469,0.007712370492302929,999.987906319584
2026-07-17 17:37:39.199715,460.8513672781922,0.008521742152837098,999.9709480526999
2026-07-17 17:37:39.366687,414.76623055037294,0.00925019956057681,999.9709480526999
2026-07-17 17:37:39.522021,414.76623055037294,0.00925019956057681,999.9709480526999
2026-07-17 17:37:39.666762,414.76623055037294,0.00925019956057681,999.9709480526999
2026-07-17 17:37:39.816818,414.76623055037294,0.00925019956057681,999.9709480526999
2026-07-17 17:37:39.980408,414.76623055037294,0.00925019956057681,999.9709480526999
2026-07-17 17:37:40.133749,414.76623055037294,0.00925019956057681,999.9708555507042
2026-07-17 17:37:40.295657,414.76623055037294,0.00925019956057681,999.9709480526999
2026-07-17 17:37:40.447079,414.76623055037294,0.00925019956057681,999.9709480526999
2026-07-17 17:37:40.595138,414.76623055037294,0.00925019956057681,999.9709480526999
2026-07-17 17:37:40.740859,414.76623055037294,0.00925019956057681,999.9709480526999
2026-07-17 17:37:40.949494,414.76623055037294,0.00925019956057681,999.9708555507042
2026-07-17 17:37:41.248017,414.76623055037294,0.00925019956057681,999.9524476535787
2026-07-17 17:37:41.494171,373.28960749533564,0.009905831954410601,999.9524476535787
2026-07-17 17:37:41.648774,373.28960749533564,0.009905831954410601,999.9524476535787
2026-07-17 17:37:41.819893,373.28960749533564,0.009905831954410601,999.9523485952591
2026-07-17 17:37:42.025952,373.28960749533564,0.009905831954410601,999.9524476535787
2026-07-17 17:37:42.203827,373.28960749533564,0.009905831954410601,999.9524476535787
2026-07-17 17:37:42.367777,373.28960749533564,0.009905831954410601,999.9524476535787
2026-07-17 17:37:42.525371,373.28960749533564,0.009905831954410601,999.9524476535787
2026-07-17 17:37:42.677735,373.28960749533564,0.009905831954410601,999.9523485952591
2026-07-17 17:37:42.835386,373.28960749533564,0.009905831954410601,999.9524476535787
2026-07-17 17:37:42.990531,373.28960749533564,0.009905831954410601,999.9523485952591
2026-07-17 17:37:43.143448,373.28960749533564,0.009905831954410601,999.9523485952591
2026-07-17 17:37:43.280473,373.28960749533564,0.009905831954410601,999.9523485952591
2026-07-17 17:37:43.423046,373.28960749533564,0.009905831954410601,999.9523485952591
2026-07-17 17:37:43.558384,373.28960749533564,0.009905831954410601,999.9523485952591
2026-07-17 17:37:43.708342,373.28960749533564,0.009905831954410601,999.9524476535787
2026-07-17 17:37:43.890826,373.28960749533564,0.009905831954410601,999.9523485952591
2026-07-17 17:37:44.025029,373.28960749533564,0.009905831954410601,999.9524476535787
2026-07-17 17:37:44.158917,373.28960749533564,0.009905831954410601,999.9524476535787
2026-07-17 17:37:44.307181,373.28960749533564,0.009905831954410601,999.9524476535787
2026-07-17 17:37:44.455489,373.28960749533564,0.009905831954410601,999.9524476535787
2026-07-17 17:37:44.593419,373.28960749533564,0.009905831954410601,999.9524476535787
2026-07-17 17:37:44.737126,373.28960749533564,0.009905831954410601,999.9523485952591
2026-07-17 17:37:44.880029,373.28960749533564,0.009905831954410601,999.9523485952591
2026-07-17 17:37:45.026845,373.28960749533564,0.009905831954410601,999.9524476535787
2026-07-17 17:37:45.169958,373.28960749533564,0.009905831954410601,999.9523485952591
2026-07-17 17:37:45.323254,373.28960749533564,0.009905831954410601,999.9523485952591
2026-07-17 17:37:45.489119,373.28960749533564,0.009905831954410601,999.9523485952591
2026-07-17 17:37:45.629899,373.28960749533564,0.009905831954410601,999.9523485952591
2026-07-17 17:37:45.769105,373.28960749533564,0.009905831954410601,999.9524476535787
2026-07-17 17:37:45.906619,373.28960749533564,0.009905831954410601,999.9524476535787
2026-07-17 17:37:46.040179,373.28960749533564,0.009905831954410601,999.9524476535787
2026-07-17 17:37:46.221658,373.28960749533564,0.009905831954410601,999.9524476535787
2026-07-17 17:37:46.354746,373.28960749533564,0.009905831954410601,999.9524476535787
2026-07-17 17:37:46.493917,373.28960749533564,0.009905831954410601,999.9524476535787
2026-07-17 17:37:46.629596,373.28960749533564,0.009905831954410601,999.9523485952591
2026-07-17 17:37:46.767108,373.28960749533564,0.009905831954410601,999.9523485952591
2026-07-17 17:37:46.901778,373.28960749533564,0.009905831954410601,999.9523485952591
2026-07-17 17:37:47.039893,373.28960749533564,0.009905831954410601,999.9523485952591
2026-07-17 17:37:47.172079,373.28960749533564,0.009905831954410601,999.9523485952591
2026-07-17 17:37:47.406401,373.28960749533564,0.009905831954410601,999.9523485952591
2026-07-17 17:37:47.625886,373.28960749533564,0.009905831954410601,999.9524476535787
2026-07-17 17:37:47.777319,373.28960749533564,0.009905831954410601,999.9524476535787
2026-07-17 17:37:47.934571,373.28960749533564,0.009905831954410601,999.9524476535787
2026-07-17 17:37:48.072837,373.28960749533564,0.009905831954410601,999.9524476535787
2026-07-17 17:37:48.213008,373.28960749533564,0.009905831954410601,999.9524476535787
2026-07-17 17:37:48.347602,373.28960749533564,0.009905831954410601,999.9524476535787
2026-07-17 17:37:48.532173,373.28960749533564,0.009905831954410601,999.9523485952591
2026-07-17 17:37:48.662967,373.28960749533564,0.009905831954410601,999.9523485952591
2026-07-17 17:37:48.803175,373.28960749533564,0.009905831954410601,999.9523485952591
2026-07-17 17:37:48.938185,373.28960749533564,0.009905831954410601,999.9523485952591
2026-07-17 17:37:49.077463,373.28960749533564,0.009905831954410601,999.9524476535787
2026-07-17 17:37:49.221378,373.28960749533564,0.009905831954410601,999.9524476535787
2026-07-17 17:37:49.354047,373.28960749533564,0.009905831954410601,999.9524476535787
2026-07-17 17:37:49.490828,373.28960749533564,0.009905831954410601,999.9524476535787
2026-07-17 17:37:49.630809,373.28960749533564,0.009905831954410601,999.9524476535787
2026-07-17 17:37:49.766818,373.28960749533564,0.009905831954410601,999.9524476535787
2026-07-17 17:37:49.902512,373.28960749533564,0.009905831954410601,999.9524476535787
2026-07-17 17:37:50.038228,373.28960749533564,0.009905831954410601,999.9523485952591
2026-07-17 17:37:50.176585,373.28960749533564,0.009905831954410601,999.9523485952591
2026-07-17 17:37:50.318393,373.28960749533564,0.009905831954410601,999.9523485952591
2026-07-17 17:37:50.460518,373.28960749533564,0.009905831954410601,999.9523485952591
2026-07-17 17:37:50.596146,373.28960749533564,0.009905831954410601,999.9523485952591
2026-07-17 17:37:50.783831,373.28960749533564,0.009905831954410601,999.9523485952591
2026-07-17 17:37:50.918777,373.28960749533564,0.009905831954410601,999.9523485952591
2026-07-17 17:37:51.065412,373.28960749533564,0.009905831954410601,999.9524476535787
2026-07-17 17:37:51.215008,373.28960749533564,0.009905831954410601,999.9524476535787
2026-07-17 17:37:51.346536,373.28960749533564,0.009905831954410601,999.9524476535787
2026-07-17 17:37:51.484662,373.28960749533564,0.009905831954410601,999.9524476535787
2026-07-17 17:37:51.619605,373.28960749533564,0.009905831954410601,999.9524476535787
2026-07-17 17:37:51.754407,373.28960749533564,0.009905831954410601,999.9524476535787
2026-07-17 17:37:51.890778,373.28960749533564,0.009905831954410601,999.9524476535787
2026-07-17 17:37:52.026481,373.28960749533564,0.009905831954410601,999.9524476535787
2026-07-17 17:37:52.158965,373.28960749533564,0.009905831954410601,999.9523485952591
2026-07-17 17:37:52.296259,373.28960749533564,0.009905831954410601,999.9523485952591
2026-07-17 17:37:52.433320,373.28960749533564,0.009905831954410601,999.9523485952591
2026-07-17 17:37:52.568019,373.28960749533564,0.009905831954410601,999.9523485952591
2026-07-17 17:37:52.704792,373.28960749533564,0.009905831954410601,999.9523485952591
2026-07-17 17:37:52.898802,373.28960749533564,0.009905831954410601,999.9523485952591
2026-07-17 17:37:53.032560,373.28960749533564,0.009905831954410601,999.9523485952591
2026-07-17 17:37:53.170502,373.28960749533564,0.009905831954410601,999.9523485952591
2026-07-17 17:37:53.307457,373.28960749533564,0.009905831954410601,999.9524476535787
2026-07-17 17:37:53.443863,373.28960749533564,0.009905831954410601,999.9524476535787
2026-07-17 17:37:53.582571,373.28960749533564,0.009905831954410601,999.9523485952591
2026-07-17 17:37:53.719967,373.28960749533564,0.009905831954410601,999.9523485952591
2026-07-17 17:37:53.853489,373.28960749533564,0.009905831954410601,999.9523485952591
2026-07-17 17:37:53.990522,373.28960749533564,0.009905831954410601,999.9523485952591
2026-07-17 17:37:54.123075,373.28960749533564,0.009905831954410601,999.9523485952591
2026-07-17 17:37:54.279689,373.28960749533564,0.009905831954410601,999.9524476535787
2026-07-17 17:37:54.431139,373.28960749533564,0.009905831954410601,999.9524476535787
2026-07-17 17:37:54.565829,373.28960749533564,0.009905831954410601,999.9524476535787
2026-07-17 17:37:54.706637,373.28960749533564,0.009905831954410601,999.9524476535787
2026-07-17 17:37:54.851270,373.28960749533564,0.009905831954410601,999.9523485952591
2026-07-17 17:37:54.980896,373.28960749533564,0.009905831954410601,999.9523485952591
2026-07-17 17:37:55.161734,373.28960749533564,0.009905831954410601,999.9524476535787
2026-07-17 17:37:55.295500,373.28960749533564,0.009905831954410601,999.9524476535787
2026-07-17 17:37:55.436249,373.28960749533564,0.009905831954410601,999.9524476535787
2026-07-17 17:37:55.570584,373.28960749533564,0.009905831954410601,999.9524476535787
2026-07-17 17:37:55.712634,373.28960749533564,0.009905831954410601,999.9524476535787
2026-07-17 17:37:55.846040,373.28960749533564,0.009905831954410601,999.9524476535787
2026-07-17 17:37:55.980582,373.28960749533564,0.009905831954410601,999.9524476535787
2026-07-17 17:37:56.114720,373.28960749533564,0.009905831954410601,999.9524476535787
2026-07-17 17:37:56.247583,373.28960749533564,0.009905831954410601,999.9524476535787
2026-07-17 17:37:56.382369,373.28960749533564,0.009905831954410601,999.9523485952591
2026-07-17 17:37:56.518471,373.28960749533564,0.009905831954410601,999.9523485952591
2026-07-17 17:37:56.657817,373.28960749533564,0.009905831954410601,999.9523485952591
2026-07-17 17:37:56.802185,373.28960749533564,0.009905831954410601,999.9523485952591
2026-07-17 17:37:56.928732,373.28960749533564,0.009905831954410601,999.9523485952591
2026-07-17 17:37:57.064466,373.28960749533564,0.009905831954410601,999.9524476535787
2026-07-17 17:37:57.244994,373.28960749533564,0.009905831954410601,999.9524476535787
2026-07-17 17:37:57.376864,373.28960749533564,0.009905831954410601,999.9524476535787
2026-07-17 17:37:57.514020,373.28960749533564,0.009905831954410601,999.9524476535787
2026-07-17 17:37:57.650963,373.28960749533564,0.009905831954410601,999.9524476535787
2026-07-17 17:37:57.786557,373.28960749533564,0.009905831954410601,999.9523485952591
2026-07-17 17:37:57.922370,373.28960749533564,0.009905831954410601,999.9523485952591
2026-07-17 17:37:58.135794,373.28960749533564,0.009905831954410601,999.9524476535787
2026-07-17 17:37:58.362690,373.28960749533564,0.009905831954410601,999.9523485952591
2026-07-17 17:37:58.514001,373.28960749533564,0.009905831954410601,999.9523485952591
2026-07-17 17:37:58.644038,373.28960749533564,0.009905831954410601,999.9524476535787
2026-07-17 17:37:58.785388,373.28960749533564,0.009905831954410601,999.9524476535787
2026-07-17 17:37:58.925147,373.28960749533564,0.009905831954410601,999.9524476535787
2026-07-17 17:37:59.059900,373.28960749533564,0.009905831954410601,999.9524476535787
2026-07-17 17:37:59.195473,373.28960749533564,0.009905831954410601,999.9524476535787
2026-07-17 17:37:59.331652,373.28960749533564,0.009905831954410601,999.9524476535787
2026-07-17 17:37:59.489978,373.28960749533564,0.009905831954410601,1000.011684528666
2026-07-17 17:37:59.700636,435.96181519866866,0.00891524875896954,1000.0452058639997
2026-07-17 17:37:59.851527,492.3701542652018,0.008023723883072587,1000.0452058639997
2026-07-17 17:38:00.014983,492.3701542652018,0.008023723883072587,1000.0472117949705
2026-07-17 17:38:00.150027,492.3701542652018,0.008023723883072587,1000.0472117949705
2026-07-17 17:38:00.335152,492.3701542652018,0.008023723883072587,1000.0472117949705
2026-07-17 17:38:00.580589,492.3701542652018,0.008023723883072587,1000.0471315577317
2026-07-17 17:38:00.802534,492.3701542652018,0.008023723883072587,1000.0471315577317
2026-07-17 17:38:00.951274,492.3701542652018,0.008023723883072587,1000.0471315577317
2026-07-17 17:38:01.107920,492.3701542652018,0.008023723883072587,1000.0471315577317
2026-07-17 17:38:01.252939,492.3701542652018,0.008023723883072587,1000.0471315577317
2026-07-17 17:38:01.408534,492.3701542652018,0.008023723883072587,1000.0297200769055
2026-07-17 17:38:01.543478,443.1331388386816,0.008801930861162934,1000.0297200769054
2026-07-17 17:38:01.704324,443.1331388386816,0.008801930861162934,1000.0297200769054
2026-07-17 17:38:01.848521,443.1331388386816,0.008801930861162934,1000.0297200769054
2026-07-17 17:38:02.001886,443.1331388386816,0.008801930861162934,1000.0297200769054
2026-07-17 17:38:02.217152,443.1331388386816,0.008801930861162934,1000.0296320575968
2026-07-17 17:38:02.437420,443.1331388386816,0.008801930861162934,1000.0297200769054
2026-07-17 17:38:02.708141,443.1331388386816,0.008801930861162934,999.962737383052
2026-07-17 17:38:02.906151,398.81982495481344,0.009502401392999684,999.962642359038
2026-07-17 17:38:03.070981,398.81982495481344,0.009502401392999684,999.962642359038
2026-07-17 17:38:03.224973,398.81982495481344,0.009502401392999684,999.9751855288769
2026-07-17 17:38:03.386974,458.9353610122198,0.008552161253699715,999.9968224968487
2026-07-17 17:38:03.554408,513.0415071606827,0.007696945128329743,999.9968224968486
2026-07-17 17:38:03.715008,513.0415071606827,0.007696945128329743,999.9968224968486
2026-07-17 17:38:03.854338,513.0415071606827,0.007696945128329743,999.9968994663
2026-07-17 17:38:04.016248,513.0415071606827,0.007696945128329743,999.9968224968486
2026-07-17 17:38:04.165795,513.0415071606827,0.007696945128329743,999.9968994663
2026-07-17 17:38:04.308107,513.0415071606827,0.007696945128329743,999.9968994663
2026-07-17 17:38:04.462872,513.0415071606827,0.007696945128329743,999.9968994663
2026-07-17 17:38:04.608276,513.0415071606827,0.007696945128329743,999.9968994663
2026-07-17 17:38:04.808143,513.0415071606827,0.007696945128329743,999.9968224968486
2026-07-17 17:38:04.956350,513.0415071606827,0.007696945128329743,999.9968994663
2026-07-17 17:38:05.121709,513.0415071606827,0.007696945128329743,1000.0535489824445
2026-07-17 17:38:05.258708,561.7427113428589,0.006927250615496768,1000.055627157629
2026-07-17 17:38:05.480807,561.7427113428589,0.006927250615496768,1000.055627157629
2026-07-17 17:38:05.723445,561.7427113428589,0.006927250615496768,1000.055627157629
2026-07-17 17:38:06.005165,561.7427113428589,0.006927250615496768,1000.055627157629
2026-07-17 17:38:06.204909,561.7427113428589,0.006927250615496768,1000.0574975152953
2026-07-17 17:38:06.352074,561.7427113428589,0.006927250615496768,1000.0574975152953
2026-07-17 17:38:06.516719,561.7427113428589,0.006927250615496768,1000.0574975152953
2026-07-17 17:38:06.667670,561.7427113428589,0.006927250615496768,1000.0574975152953
2026-07-17 17:38:06.801422,561.7427113428589,0.006927250615496768,1000.0574975152953
2026-07-17 17:38:06.945693,561.7427113428589,0.006927250615496768,1000.0574975152953
2026-07-17 17:38:07.080125,561.7427113428589,0.006927250615496768,1000.0574975152953
2026-07-17 17:38:07.218320,561.7427113428589,0.006927250615496768,1000.0574975152953
2026-07-17 17:38:07.402898,561.7427113428589,0.006927250615496768,1000.0574975152953
2026-07-17 17:38:07.560755,561.7427113428589,0.006927250615496768,1000.1129847927255
2026-07-17 17:38:07.691519,605.5797386878455,0.006234525553947092,1000.1129224474698
2026-07-17 17:38:07.850480,605.5797386878455,0.006234525553947092,1000.1129224474698
2026-07-17 17:38:08.010638,605.5797386878455,0.006234525553947092,1000.1144810788583
2026-07-17 17:38:08.178092,605.5797386878455,0.006234525553947092,1000.1144810788583
2026-07-17 17:38:08.344639,605.5797386878455,0.006234525553947092,1000.1144810788583
2026-07-17 17:38:08.500488,605.5797386878455,0.006234525553947092,1000.1144810788583
2026-07-17 17:38:08.672072,605.5797386878455,0.006234525553947092,1000.1145434241139
2026-07-17 17:38:08.833472,605.5797386878455,0.006234525553947092,1000.1145434241139
2026-07-17 17:38:08.981997,605.5797386878455,0.006234525553947092,1000.1145434241139
2026-07-17 17:38:09.127034,605.5797386878455,0.006234525553947092,1000.1145434241139
2026-07-17 17:38:09.274133,605.5797386878455,0.006234525553947092,1000.1144810788583
2026-07-17 17:38:09.410707,605.5797386878455,0.006234525553947092,1000.1144810788583
2026-07-17 17:38:09.551597,605.5797386878455,0.006234525553947092,1000.1144810788583
2026-07-17 17:38:09.736349,605.5797386878455,0.006234525553947092,1000.1144810788583
2026-07-17 17:38:09.871941,605.5797386878455,0.006234525553947092,1000.1144810788583
2026-07-17 17:38:10.008687,605.5797386878455,0.006234525553947092,1000.1144810788583
2026-07-17 17:38:10.148473,605.5797386878455,0.006234525553947092,1000.1144810788583
2026-07-17 17:38:10.287301,605.5797386878455,0.006234525553947092,1000.1145434241139
2026-07-17 17:38:10.454597,605.5797386878455,0.006234525553947092,1000.1253914985778
2026-07-17 17:38:10.591359,645.0343039689187,0.005611072998552382,1000.1254476093077
2026-07-17 17:38:10.747749,645.0343039689187,0.005611072998552382,1000.1254476093077
2026-07-17 17:38:10.894026,645.0343039689187,0.005611072998552382,1000.1254476093077
2026-07-17 17:38:11.034984,645.0343039689187,0.005611072998552382,1000.1253914985778
2026-07-17 17:38:11.186872,645.0343039689187,0.005611072998552382,1000.1254476093077
2026-07-17 17:38:11.334585,645.0343039689187,0.005611072998552382,1000.1254476093077
2026-07-17 17:38:11.487417,645.0343039689187,0.005611072998552382,1000.1254476093077
2026-07-17 17:38:11.634996,645.0343039689187,0.005611072998552382,1000.1254476093077
2026-07-17 17:38:11.782087,645.0343039689187,0.005611072998552382,1000.1254476093077
2026-07-17 17:38:11.979333,645.0343039689187,0.005611072998552382,1000.1254476093077
2026-07-17 17:38:12.115308,645.0343039689187,0.005611072998552382,1000.1254476093077
2026-07-17 17:38:12.254130,645.0343039689187,0.005611072998552382,1000.1254476093077
2026-07-17 17:38:12.405338,645.0343039689187,0.005611072998552382,1000.1365575338448
2026-07-17 17:38:12.550968,680.5445293254113,0.0050499656986971436,1000.1365575338448
2026-07-17 17:38:12.725682,680.5445293254113,0.0050499656986971436,1000.1366585331587
2026-07-17 17:38:12.870800,680.5445293254113,0.0050499656986971436,1000.1366585331587
2026-07-17 17:38:13.028648,680.5445293254113,0.0050499656986971436,1000.1366080335017
2026-07-17 17:38:13.182458,680.5445293254113,0.0050499656986971436,1000.1366080335017
2026-07-17 17:38:13.332268,680.5445293254113,0.0050499656986971436,1000.1366585331587
2026-07-17 17:38:13.481404,680.5445293254113,0.0050499656986971436,1000.1366585331587
2026-07-17 17:38:13.634657,680.5445293254113,0.0050499656986971436,1000.1366585331587
2026-07-17 17:38:13.867156,680.5445293254113,0.0050499656986971436,1000.1366080335017
2026-07-17 17:38:14.077906,680.5445293254113,0.0050499656986971436,1000.1366080335017
2026-07-17 17:38:14.249461,680.5445293254113,0.0050499656986971436,1000.1366080335017
2026-07-17 17:38:14.436442,680.5445293254113,0.0050499656986971436,1000.1366585331587
2026-07-17 17:38:14.577986,680.5445293254113,0.0050499656986971436,1000.1366585331587
2026-07-17 17:38:14.733310,680.5445293254113,0.0050499656986971436,1000.1467079648992
2026-07-17 17:38:14.869053,712.50474718936,0.004544969128827429,1000.1467079648991
2026-07-17 17:38:15.032715,712.50474718936,0.004544969128827429,1000.1467079648991
2026-07-17 17:38:15.183069,712.50474718936,0.004544969128827429,1000.1467079648991
2026-07-17 17:38:15.348508,712.50474718936,0.004544969128827429,1000.1467079648991
2026-07-17 17:38:15.532232,712.50474718936,0.004544969128827429,1000.1846130074335
2026-07-17 17:38:15.690451,741.2727337711674,0.004090472215944686,1000.1845721027114
2026-07-17 17:38:15.854644,741.2727337711674,0.004090472215944686,1000.1845721027114
2026-07-17 17:38:16.022177,741.2727337711674,0.004090472215944686,1000.1846130074335
2026-07-17 17:38:16.178333,741.2727337711674,0.004090472215944686,1000.1846130074335
2026-07-17 17:38:16.345445,741.2727337711674,0.004090472215944686,1000.191403191312
2026-07-17 17:38:16.504787,767.1646007131818,0.0036814249943502176,1000.1914400055618
2026-07-17 17:38:16.737286,767.1646007131818,0.0036814249943502176,1000.1914400055618
2026-07-17 17:38:16.881419,767.1646007131818,0.0036814249943502176,1000.1914400055618
2026-07-17 17:38:17.040719,767.1646007131818,0.0036814249943502176,1000.1914400055618
2026-07-17 17:38:17.230438,767.1646007131818,0.0036814249943502176,1000.1914400055618
2026-07-17 17:38:17.391051,767.1646007131818,0.0036814249943502176,1000.1914400055618
2026-07-17 17:38:17.545419,767.1646007131818,0.0036814249943502176,1000.1914400055618
2026-07-17 17:38:17.705648,767.1646007131818,0.0036814249943502176,1000.1914400055618
2026-07-17 17:38:17.865419,767.1646007131818,0.0036814249943502176,1000.1923971760605
2026-07-17 17:38:18.088508,767.1646007131818,0.0036814249943502176,1000.1923971760605
2026-07-17 17:38:18.323919,767.1646007131818,0.0036814249943502176,1000.1923971760605
2026-07-17 17:38:18.495505,767.1646007131818,0.0036814249943502176,1000.1987660413006
2026-07-17 17:38:18.667080,790.4680172459937,0.003313282494915196,1000.1987991741256
2026-07-17 17:38:18.841885,790.4680172459937,0.003313282494915196,1000.1987660413006
2026-07-17 17:38:18.985645,790.4680172459937,0.003313282494915196,1000.1987660413006
2026-07-17 17:38:19.144310,790.4680172459937,0.003313282494915196,1000.1987660413006
2026-07-17 17:38:19.357054,790.4680172459937,0.003313282494915196,1000.1987660413006
2026-07-17 17:38:19.509636,790.4680172459937,0.003313282494915196,1000.1987660413006
2026-07-17 17:38:19.672823,790.4680172459937,0.003313282494915196,1000.1987660413006
2026-07-17 17:38:19.823472,790.4680172459937,0.003313282494915196,1000.1987991741256
2026-07-17 17:38:19.987102,790.4680172459937,0.003313282494915196,1000.1987991741256
2026-07-17 17:38:20.245423,790.4680172459937,0.003313282494915196,1000.1930671954094
2026-07-17 17:38:20.461187,711.4212155213943,0.004562081265001636,1000.1930671954094
2026-07-17 17:38:20.646431,711.4212155213943,0.004562081265001636,1000.1930215745967
2026-07-17 17:38:20.798393,711.4212155213943,0.004562081265001636,1000.1930215745967
2026-07-17 17:38:20.958463,711.4212155213943,0.004562081265001636,1000.1930215745967
2026-07-17 17:38:21.113709,711.4212155213943,0.004562081265001636,1000.1930671954094
2026-07-17 17:38:21.263344,711.4212155213943,0.004562081265001636,1000.1930671954094
2026-07-17 17:38:21.420318,711.4212155213943,0.004562081265001636,1000.1930671954094
2026-07-17 17:38:21.574784,711.4212155213943,0.004562081265001636,1000.1930215745967
2026-07-17 17:38:21.728029,711.4212155213943,0.004562081265001636,1000.1930671954094
2026-07-17 17:38:21.922844,711.4212155213943,0.004562081265001636,1000.1930671954094
2026-07-17 17:38:22.059767,711.4212155213943,0.004562081265001636,1000.1930671954094
2026-07-17 17:38:22.199501,711.4212155213943,0.004562081265001636,1000.1930671954094
2026-07-17 17:38:22.365496,711.4212155213943,0.004562081265001636,1000.1930671954094
2026-07-17 17:38:22.511331,711.4212155213943,0.004562081265001636,1000.1930671954094
2026-07-17 17:38:22.659833,711.4212155213943,0.004562081265001636,1000.1930215745967
2026-07-17 17:38:22.799111,711.4212155213943,0.004562081265001636,1000.1930215745967
2026-07-17 17:38:22.957538,711.4212155213943,0.004562081265001636,1000.1930215745967
2026-07-17 17:38:23.097136,711.4212155213943,0.004562081265001636,1000.1930671954094
2026-07-17 17:38:23.244769,711.4212155213943,0.004562081265001636,1000.1930671954094
2026-07-17 17:38:23.381553,711.4212155213943,0.004562081265001636,1000.1930215745967
2026-07-17 17:38:23.525270,711.4212155213943,0.004562081265001636,1000.1930215745967
2026-07-17 17:38:23.670135,711.4212155213943,0.004562081265001636,1000.1930215745967
2026-07-17 17:38:23.810101,711.4212155213943,0.004562081265001636,1000.1930215745967
2026-07-17 17:38:23.948061,711.4212155213943,0.004562081265001636,1000.1930215745967
2026-07-17 17:38:24.142165,711.4212155213943,0.004562081265001636,1000.1930215745967
2026-07-17 17:38:24.278943,711.4212155213943,0.004562081265001636,1000.1930215745967
2026-07-17 17:38:24.420865,711.4212155213943,0.004562081265001636,1000.1930215745967
2026-07-17 17:38:24.566450,711.4212155213943,0.004562081265001636,1000.1930671954094
2026-07-17 17:38:24.721325,711.4212155213943,0.004562081265001636,1000.1827112709378
2026-07-17 17:38:24.858531,640.2790939692549,0.005686040465458844,1000.1827112709378
2026-07-17 17:38:25.030704,640.2790939692549,0.005686040465458844,1000.1827681313425
2026-07-17 17:38:25.173971,640.2790939692549,0.005686040465458844,1000.1827681313425
2026-07-17 17:38:25.341720,640.2790939692549,0.005686040465458844,1000.1827681313425
2026-07-17 17:38:25.504779,640.2790939692549,0.005686040465458844,1000.1827681313425
2026-07-17 17:38:25.655914,640.2790939692549,0.005686040465458844,1000.1827681313425
2026-07-17 17:38:25.806993,640.2790939692549,0.005686040465458844,1000.1827681313425
2026-07-17 17:38:25.963075,640.2790939692549,0.005686040465458844,1000.1827681313425
2026-07-17 17:38:26.115889,640.2790939692549,0.005686040465458844,1000.1827112709378
2026-07-17 17:38:26.262350,640.2790939692549,0.005686040465458844,1000.1827112709378
2026-07-17 17:38:26.487171,640.2790939692549,0.005686040465458844,1000.1827681313425
2026-07-17 17:38:26.629322,640.2790939692549,0.005686040465458844,1000.1827112709378
2026-07-17 17:38:26.771947,640.2790939692549,0.005686040465458844,1000.1827112709378
2026-07-17 17:38:26.916475,640.2790939692549,0.005686040465458844,1000.1827112709378
2026-07-17 17:38:27.074793,640.2790939692549,0.005686040465458844,1000.1827112709378
2026-07-17 17:38:27.211484,640.2790939692549,0.005686040465458844,1000.1827112709378
2026-07-17 17:38:27.354523,640.2790939692549,0.005686040465458844,1000.1827112709378
2026-07-17 17:38:27.493689,640.2790939692549,0.005686040465458844,1000.1827112709378
2026-07-17 17:38:27.632690,640.2790939692549,0.005686040465458844,1000.1827112709378
2026-07-17 17:38:27.773683,640.2790939692549,0.005686040465458844,1000.1827112709378
2026-07-17 17:38:27.918509,640.2790939692549,0.005686040465458844,1000.1827112709378
2026-07-17 17:38:28.057165,640.2790939692549,0.005686040465458844,1000.1827112709378
2026-07-17 17:38:28.204153,640.2790939692549,0.005686040465458844,1000.1827112709378
2026-07-17 17:38:28.343465,640.2790939692549,0.005686040465458844,1000.1827112709378
2026-07-17 17:38:28.535334,640.2790939692549,0.005686040465458844,1000.1827112709378
2026-07-17 17:38:28.675708,640.2790939692549,0.005686040465458844,1000.1827681313425
2026-07-17 17:38:28.814969,640.2790939692549,0.005686040465458844,1000.1827112709378
2026-07-17 17:38:28.967505,640.2790939692549,0.005686040465458844,1000.1827112709378
2026-07-17 17:38:29.110875,640.2790939692549,0.005686040465458844,1000.1827112709378
2026-07-17 17:38:29.255437,640.2790939692549,0.005686040465458844,1000.1827112709378
2026-07-17 17:38:29.395538,640.2790939692549,0.005686040465458844,1000.1827112709378
2026-07-17 17:38:29.537818,640.2790939692549,0.005686040465458844,1000.1827112709378
2026-07-17 17:38:29.687521,640.2790939692549,0.005686040465458844,1000.1827112709378
2026-07-17 17:38:29.821721,640.2790939692549,0.005686040465458844,1000.1827112709378
2026-07-17 17:38:29.966839,640.2790939692549,0.005686040465458844,1000.1827681313425
2026-07-17 17:38:30.137213,640.2790939692549,0.005686040465458844,1000.1827681313425
2026-07-17 17:38:30.276769,640.2790939692549,0.005686040465458844,1000.1827681313425
2026-07-17 17:38:30.418743,640.2790939692549,0.005686040465458844,1000.1827681313425
2026-07-17 17:38:30.560770,640.2790939692549,0.005686040465458844,1000.1827681313425
2026-07-17 17:38:30.749959,640.2790939692549,0.005686040465458844,1000.1827681313425
2026-07-17 17:38:30.892916,640.2790939692549,0.005686040465458844,1000.1827681313425
2026-07-17 17:38:31.139010,640.2790939692549,0.005686040465458844,1000.1827112709378
2026-07-17 17:38:31.354443,640.2790939692549,0.005686040465458844,1000.1827681313425
2026-07-17 17:38:31.501335,640.2790939692549,0.005686040465458844,1000.1873169637149
2026-07-17 17:38:31.639901,676.2699162687009,0.005117436418912959,1000.1873169637149
2026-07-17 17:38:31.801312,676.2699162687009,0.005117436418912959,1000.1872657893507
2026-07-17 17:38:31.953610,676.2699162687009,0.005117436418912959,1000.1872657893507
2026-07-17 17:38:32.119783,676.2699162687009,0.005117436418912959,1000.1872657893507
2026-07-17 17:38:32.276664,676.2699162687009,0.005117436418912959,1000.1872657893507
2026-07-17 17:38:32.431065,676.2699162687009,0.005117436418912959,1000.1872657893507
2026-07-17 17:38:32.585248,676.2699162687009,0.005117436418912959,1000.1872657893507
2026-07-17 17:38:32.739107,676.2699162687009,0.005117436418912959,1000.1872657893507
2026-07-17 17:38:32.886815,676.2699162687009,0.005117436418912959,1000.1872657893507
2026-07-17 17:38:33.052696,676.2699162687009,0.005117436418912959,1000.1872657893507
2026-07-17 17:38:33.247323,676.2699162687009,0.005117436418912959,1000.1873169637149
2026-07-17 17:38:33.386737,676.2699162687009,0.005117436418912959,1000.1873169637149
2026-07-17 17:38:33.553729,676.2699162687009,0.005117436418912959,1000.1873169637149
2026-07-17 17:38:33.702331,676.2699162687009,0.005117436418912959,1000.1873169637149
2026-07-17 17:38:33.843925,676.2699162687009,0.005117436418912959,1000.1872657893507
2026-07-17 17:38:33.998406,676.2699162687009,0.005117436418912959,1000.1729881417418
2026-07-17 17:38:34.160380,608.6429246418307,0.0061858944234993345,1000.1090878523471
2026-07-17 17:38:34.410615,547.7786321776476,0.007147663594700869,1000.1090878523471
2026-07-17 17:38:34.651432,547.7786321776476,0.007147663594700869,1000.1090163757111
2026-07-17 17:38:34.848189,547.7786321776476,0.007147663594700869,1000.1090878523471
2026-07-17 17:38:35.030138,547.7786321776476,0.007147663594700869,1000.1090163757111
2026-07-17 17:38:35.184052,547.7786321776476,0.007147663594700869,1000.1090878523471
2026-07-17 17:38:35.345984,547.7786321776476,0.007147663594700869,1000.1090878523471
2026-07-17 17:38:35.585598,547.7786321776476,0.007147663594700869,1000.1090878523471
2026-07-17 17:38:35.865438,547.7786321776476,0.007147663594700869,1000.1090878523471
2026-07-17 17:38:36.162744,547.7786321776476,0.007147663594700869,1000.1090163757111
2026-07-17 17:38:36.305403,547.7786321776476,0.007147663594700869,1000.1090878523471
2026-07-17 17:38:36.447262,547.7786321776476,0.007147663594700869,1000.1090878523471
2026-07-17 17:38:36.586813,547.7786321776476,0.007147663594700869,1000.1090878523471
2026-07-17 17:38:36.730502,547.7786321776476,0.007147663594700869,1000.1090878523471
2026-07-17 17:38:36.871367,547.7786321776476,0.007147663594700869,1000.1090163757111
2026-07-17 17:38:37.011814,547.7786321776476,0.007147663594700869,1000.1090878523471
2026-07-17 17:38:37.154045,547.7786321776476,0.007147663594700869,1000.1090878523471
2026-07-17 17:38:37.390848,547.7786321776476,0.007147663594700869,1000.1090163757111
2026-07-17 17:38:37.596476,547.7786321776476,0.007147663594700869,1000.1090163757111
2026-07-17 17:38:37.762925,547.7786321776476,0.007147663594700869,1000.1090163757111
2026-07-17 17:38:37.899624,547.7786321776476,0.007147663594700869,1000.1090163757111
2026-07-17 17:38:38.045844,547.7786321776476,0.007147663594700869,1000.1090878523471
2026-07-17 17:38:38.190818,547.7786321776476,0.007147663594700869,1000.1090163757111
2026-07-17 17:38:38.327849,547.7786321776476,0.007147663594700869,1000.1090163757111
2026-07-17 17:38:38.523260,547.7786321776476,0.007147663594700869,1000.1090878523471
2026-07-17 17:38:38.662574,547.7786321776476,0.007147663594700869,1000.1090878523471
2026-07-17 17:38:38.807959,547.7786321776476,0.007147663594700869,1000.1090878523471
2026-07-17 17:38:38.951512,547.7786321776476,0.007147663594700869,1000.1090878523471
2026-07-17 17:38:39.095668,547.7786321776476,0.007147663594700869,1000.1090163757111
2026-07-17 17:38:39.240611,547.7786321776476,0.007147663594700869,1000.1090163757111
2026-07-17 17:38:39.395345,547.7786321776476,0.007147663594700869,1000.1090878523471
2026-07-17 17:38:39.536291,547.7786321776476,0.007147663594700869,1000.1090878523471
2026-07-17 17:38:39.683141,547.7786321776476,0.007147663594700869,1000.1090878523471
2026-07-17 17:38:39.820020,547.7786321776476,0.007147663594700869,1000.1090878523471
2026-07-17 17:38:39.960857,547.7786321776476,0.007147663594700869,1000.1090878523471
2026-07-17 17:38:40.129986,547.7786321776476,0.007147663594700869,1000.0828559269546
2026-07-17 17:38:40.263962,493.00076895988286,0.008013306049842149,1000.0828559269546
2026-07-17 17:38:40.424403,493.00076895988286,0.008013306049842149,1000.0828559269546
2026-07-17 17:38:40.622467,493.00076895988286,0.008013306049842149,1000.0828559269546
2026-07-17 17:38:40.772116,493.00076895988286,0.008013306049842149,1000.0828559269546
2026-07-17 17:38:40.930118,493.00076895988286,0.008013306049842149,1000.0828559269546
2026-07-17 17:38:41.094039,493.00076895988286,0.008013306049842149,1000.0828559269546
2026-07-17 17:38:41.244817,493.00076895988286,0.008013306049842149,1000.082775793894
2026-07-17 17:38:41.394231,493.00076895988286,0.008013306049842149,1000.082775793894
2026-07-17 17:38:41.559155,493.00076895988286,0.008013306049842149,1000.082775793894
2026-07-17 17:38:41.704417,493.00076895988286,0.008013306049842149,1000.082775793894
2026-07-17 17:38:41.844568,493.00076895988286,0.008013306049842149,1000.0828559269546
2026-07-17 17:38:41.988156,493.00076895988286,0.008013306049842149,1000.0828559269546
2026-07-17 17:38:42.135901,493.00076895988286,0.008013306049842149,1000.0828559269546
2026-07-17 17:38:42.275526,493.00076895988286,0.008013306049842149,1000.082775793894
2026-07-17 17:38:42.415033,493.00076895988286,0.008013306049842149,1000.082775793894
2026-07-17 17:38:42.555568,493.00076895988286,0.008013306049842149,1000.0828559269546
2026-07-17 17:38:42.709833,493.00076895988286,0.008013306049842149,1000.0828559269546
2026-07-17 17:38:42.899478,493.00076895988286,0.008013306049842149,1000.082775793894
2026-07-17 17:38:43.040868,493.00076895988286,0.008013306049842149,1000.082775793894
2026-07-17 17:38:43.188490,493.00076895988286,0.008013306049842149,1000.082775793894
2026-07-17 17:38:43.324965,493.00076895988286,0.008013306049842149,1000.082775793894
2026-07-17 17:38:43.475688,493.00076895988286,0.008013306049842149,1000.0459145860648
2026-07-17 17:38:43.614117,443.70069206389456,0.008792441020083164,1000.0459145860648
2026-07-17 17:38:43.773536,443.70069206389456,0.008792441020083164,1000.0459145860648
2026-07-17 17:38:43.927448,443.70069206389456,0.008792441020083164,1000.0460025104751
2026-07-17 17:38:44.076009,443.70069206389456,0.008792441020083164,1000.0459145860648
2026-07-17 17:38:44.233635,443.70069206389456,0.008792441020083164,1000.0459145860648
2026-07-17 17:38:44.388179,443.70069206389456,0.008792441020083164,1000.0459145860648
2026-07-17 17:38:44.540822,443.70069206389456,0.008792441020083164,1000.0460025104751
2026-07-17 17:38:44.706226,443.70069206389456,0.008792441020083164,1000.0460025104751
2026-07-17 17:38:44.854081,443.70069206389456,0.008792441020083164,1000.0459145860648
2026-07-17 17:38:45.013565,443.70069206389456,0.008792441020083164,1000.0460025104751
2026-07-17 17:38:45.204106,443.70069206389456,0.008792441020083164,1000.0459145860648
2026-07-17 17:38:45.348367,443.70069206389456,0.008792441020083164,1000.0460025104751
2026-07-17 17:38:45.496153,443.70069206389456,0.008792441020083164,1000.0460025104751
2026-07-17 17:38:45.637952,443.70069206389456,0.008792441020083164,1000.0459145860648
2026-07-17 17:38:45.778792,443.70069206389456,0.008792441020083164,1000.0459145860648
2026-07-17 17:38:45.919492,443.70069206389456,0.008792441020083164,1000.0459145860648
2026-07-17 17:38:46.060561,443.70069206389456,0.008792441020083164,1000.0460025104751
2026-07-17 17:38:46.206200,443.70069206389456,0.008792441020083164,1000.0459145860648
2026-07-17 17:38:46.344218,443.70069206389456,0.008792441020083164,1000.0459145860648
2026-07-17 17:38:46.486821,443.70069206389456,0.008792441020083164,1000.0459145860648
2026-07-17 17:38:46.641609,443.70069206389456,0.008792441020083164,1000.0459145860648
2026-07-17 17:38:46.777489,443.70069206389456,0.008792441020083164,1000.0459145860648
2026-07-17 17:38:46.919005,443.70069206389456,0.008792441020083164,1000.0459145860648
2026-07-17 17:38:47.058344,443.70069206389456,0.008792441020083164,1000.0459145860648
2026-07-17 17:38:47.195233,443.70069206389456,0.008792441020083164,1000.0459145860648
2026-07-17 17:38:47.386015,443.70069206389456,0.008792441020083164,1000.0460025104751
2026-07-17 17:38:47.523723,443.70069206389456,0.008792441020083164,1000.0460025104751
2026-07-17 17:38:47.664824,443.70069206389456,0.008792441020083164,1000.0459145860648
2026-07-17 17:38:47.805718,443.70069206389456,0.008792441020083164,1000.0459145860648
2026-07-17 17:38:47.955129,443.70069206389456,0.008792441020083164,1000.0459145860648
2026-07-17 17:38:48.198912,443.70069206389456,0.008792441020083164,1000.0459145860648
2026-07-17 17:38:48.407152,443.70069206389456,0.008792441020083164,1000.0460025104751
2026-07-17 17:38:48.554030,443.70069206389456,0.008792441020083164,1000.0460025104751
2026-07-17 17:38:48.700945,443.70069206389456,0.008792441020083164,1000.0460025104751
2026-07-17 17:38:48.848211,443.70069206389456,0.008792441020083164,1000.0460025104751
2026-07-17 17:38:49.010333,443.70069206389456,0.008792441020083164,1000.0460025104751
2026-07-17 17:38:49.154492,443.70069206389456,0.008792441020083164,1000.0460025104751
2026-07-17 17:38:49.301756,443.70069206389456,0.008792441020083164,1000.0459145860648
2026-07-17 17:38:49.454750,443.70069206389456,0.008792441020083164,1000.0460025104751
2026-07-17 17:38:49.610193,443.70069206389456,0.008792441020083164,1000.0460025104751
2026-07-17 17:38:49.797609,443.70069206389456,0.008792441020083164,1000.0460025104751
2026-07-17 17:38:49.938180,443.70069206389456,0.008792441020083164,1000.0459145860648
2026-07-17 17:38:50.089292,443.70069206389456,0.008792441020083164,1000.0459145860648
2026-07-17 17:38:50.230501,443.70069206389456,0.008792441020083164,1000.0459145860648
2026-07-17 17:38:50.381733,443.70069206389456,0.008792441020083164,1000.0459145860648
2026-07-17 17:38:50.608346,443.70069206389456,0.008792441020083164,1000.0460025104751
2026-07-17 17:38:50.874958,443.70069206389456,0.008792441020083164,1000.0460025104751
2026-07-17 17:38:51.009615,443.70069206389456,0.008792441020083164,1000.0460025104751
2026-07-17 17:38:51.151537,443.70069206389456,0.008792441020083164,1000.0459145860648
2026-07-17 17:38:51.289919,443.70069206389456,0.008792441020083164,1000.0459145860648
2026-07-17 17:38:51.432044,443.70069206389456,0.008792441020083164,1000.0459145860648
2026-07-17 17:38:51.581036,443.70069206389456,0.008792441020083164,1000.0460025104751
2026-07-17 17:38:51.723159,443.70069206389456,0.008792441020083164,1000.0460025104751
2026-07-17 17:38:51.865072,443.70069206389456,0.008792441020083164,1000.0459145860648
2026-07-17 17:38:52.086362,443.70069206389456,0.008792441020083164,1000.0460025104751
2026-07-17 17:38:52.221506,443.70069206389456,0.008792441020083164,1000.0460025104751
2026-07-17 17:38:52.369130,443.70069206389456,0.008792441020083164,1000.0459145860648
2026-07-17 17:38:52.509421,443.70069206389456,0.008792441020083164,1000.0459145860648
2026-07-17 17:38:52.653082,443.70069206389456,0.008792441020083164,1000.0459145860648
2026-07-17 17:38:52.797729,443.70069206389456,0.008792441020083164,1000.0459145860648
2026-07-17 17:38:52.953889,443.70069206389456,0.008792441020083164,1000.0459145860648
2026-07-17 17:38:53.097338,443.70069206389456,0.008792441020083164,1000.0459145860648
2026-07-17 17:38:53.249230,443.70069206389456,0.008792441020083164,1000.0460025104751
2026-07-17 17:38:53.385328,443.70069206389456,0.008792441020083164,1000.0460025104751
2026-07-17 17:38:53.528540,443.70069206389456,0.008792441020083164,1000.0460025104751
2026-07-17 17:38:53.668013,443.70069206389456,0.008792441020083164,1000.0460025104751
2026-07-17 17:38:53.806793,443.70069206389456,0.008792441020083164,1000.0460025104751
2026-07-17 17:38:53.949629,443.70069206389456,0.008792441020083164,1000.0460025104751
2026-07-17 17:38:54.091008,443.70069206389456,0.008792441020083164,1000.0460025104751
2026-07-17 17:38:54.286634,443.70069206389456,0.008792441020083164,1000.0460025104751
2026-07-17 17:38:54.427505,443.70069206389456,0.008792441020083164,1000.0459145860648
2026-07-17 17:38:54.573985,443.70069206389456,0.008792441020083164,1000.0460025104751
2026-07-17 17:38:54.713017,443.70069206389456,0.008792441020083164,1000.0460025104751
2026-07-17 17:38:54.870997,443.70069206389456,0.008792441020083164,1000.0459145860648
2026-07-17 17:38:55.006460,443.70069206389456,0.008792441020083164,1000.0459145860648
2026-07-17 17:38:55.209564,443.70069206389456,0.008792441020083164,1000.0459145860648
2026-07-17 17:38:55.428015,443.70069206389456,0.008792441020083164,1000.0460025104751
2026-07-17 17:38:55.573530,443.70069206389456,0.008792441020083164,1000.0460025104751
2026-07-17 17:38:55.710672,443.70069206389456,0.008792441020083164,1000.0460025104751
2026-07-17 17:38:55.852434,443.70069206389456,0.008792441020083164,1000.0459145860648
2026-07-17 17:38:55.999553,443.70069206389456,0.008792441020083164,1000.0460025104751
2026-07-17 17:38:56.146029,443.70069206389456,0.008792441020083164,1000.0460025104751
2026-07-17 17:38:56.283975,443.70069206389456,0.008792441020083164,1000.0460025104751
2026-07-17 17:38:56.427443,443.70069206389456,0.008792441020083164,1000.0459145860648
2026-07-17 17:38:56.615953,443.70069206389456,0.008792441020083164,1000.0459145860648
2026-07-17 17:38:56.793661,443.70069206389456,0.008792441020083164,1000.0459145860648
2026-07-17 17:38:56.938582,443.70069206389456,0.008792441020083164,1000.0460025104751
2026-07-17 17:38:57.092056,443.70069206389456,0.008792441020083164,1000.0460025104751
2026-07-17 17:38:57.239773,443.70069206389456,0.008792441020083164,1000.0460025104751
2026-07-17 17:38:57.379537,443.70069206389456,0.008792441020083164,1000.0459145860648
2026-07-17 17:38:57.519614,443.70069206389456,0.008792441020083164,1000.0459145860648
2026-07-17 17:38:57.667482,443.70069206389456,0.008792441020083164,1000.0460025104751
2026-07-17 17:38:57.823373,443.70069206389456,0.008792441020083164,1000.0460025104751
2026-07-17 17:38:57.981776,443.70069206389456,0.008792441020083164,1000.0459145860648
2026-07-17 17:38:58.125523,443.70069206389456,0.008792441020083164,1000.0459145860648
2026-07-17 17:38:58.279785,443.70069206389456,0.008792441020083164,1000.0460025104751
2026-07-17 17:38:58.419542,443.70069206389456,0.008792441020083164,1000.0460025104751
2026-07-17 17:38:58.562490,443.70069206389456,0.008792441020083164,1000.0460025104751
2026-07-17 17:38:58.703850,443.70069206389456,0.008792441020083164,1000.0460025104751
2026-07-17 17:38:58.901880,443.70069206389456,0.008792441020083164,1000.0460025104751
2026-07-17 17:38:59.042391,443.70069206389456,0.008792441020083164,1000.0460025104751
2026-07-17 17:38:59.187993,443.70069206389456,0.008792441020083164,1000.0460025104751
2026-07-17 17:38:59.327086,443.70069206389456,0.008792441020083164,1000.0460025104751
2026-07-17 17:38:59.471060,443.70069206389456,0.008792441020083164,1000.0460025104751
2026-07-17 17:38:59.613499,443.70069206389456,0.008792441020083164,1000.0460025104751
2026-07-17 17:38:59.758181,443.70069206389456,0.008792441020083164,1000.0460025104751
2026-07-17 17:38:59.902199,443.70069206389456,0.008792441020083164,1000.0459145860648
2026-07-17 17:39:00.046188,443.70069206389456,0.008792441020083164,1000.0459145860648
2026-07-17 17:39:00.183614,443.70069206389456,0.008792441020083164,1000.0459145860648
2026-07-17 17:39:00.321793,443.70069206389456,0.008792441020083164,1000.0459145860648
2026-07-17 17:39:00.462307,443.70069206389456,0.008792441020083164,1000.0459145860648
2026-07-17 17:39:00.606130,443.70069206389456,0.008792441020083164,1000.0460025104751
2026-07-17 17:39:00.764803,443.70069206389456,0.008792441020083164,1000.0686870083068
2026-07-17 17:39:00.909323,499.3374915583358,0.007913196918074848,1000.0686870083068
2026-07-17 17:39:01.190467,499.3374915583358,0.007913196918074848,1000.0686870083068
2026-07-17 17:39:01.414964,499.3374915583358,0.007913196918074848,1000.0686870083068
2026-07-17 17:39:01.626694,499.3374915583358,0.007913196918074848,1000.1732994715637
2026-07-17 17:39:01.788376,549.4210723496586,0.007121877226267363,1000.1732994715637
2026-07-17 17:39:01.964122,549.4210723496586,0.007121877226267363,1000.1853354440761
2026-07-17 17:39:02.104941,594.4974986591004,0.006409689503640626,1000.1853354440761
2026-07-17 17:39:02.279191,594.4974986591004,0.006409689503640626,1000.1852713471812
2026-07-17 17:39:02.420226,594.4974986591004,0.006409689503640626,1000.1852713471812
2026-07-17 17:39:02.591438,594.4974986591004,0.006409689503640626,1000.163862984239
2026-07-17 17:39:02.757579,535.0477487931904,0.007349019138089126,1000.1638629842391
2026-07-17 17:39:02.933481,535.0477487931904,0.007349019138089126,1000.1638629842391
2026-07-17 17:39:03.075981,535.0477487931904,0.007349019138089126,1000.1638629842391
2026-07-17 17:39:03.247018,535.0477487931904,0.007349019138089126,1000.1615112981149
2026-07-17 17:39:03.465661,535.0477487931904,0.007349019138089126,1000.1615112981149
2026-07-17 17:39:03.757807,535.0477487931904,0.007349019138089126,1000.1615112981149
2026-07-17 17:39:03.944147,535.0477487931904,0.007349019138089126,1000.1615112981149
2026-07-17 17:39:04.094434,535.0477487931904,0.007349019138089126,1000.1615112981149
2026-07-17 17:39:04.238746,535.0477487931904,0.007349019138089126,1000.1615112981149
2026-07-17 17:39:04.382439,535.0477487931904,0.007349019138089126,1000.1615847883063
2026-07-17 17:39:04.562211,535.0477487931904,0.007349019138089126,1000.1615847883063
2026-07-17 17:39:04.709284,535.0477487931904,0.007349019138089126,1000.1615847883063
2026-07-17 17:39:04.849461,535.0477487931904,0.007349019138089126,1000.1615847883063
2026-07-17 17:39:04.994188,535.0477487931904,0.007349019138089126,1000.1615847883063
2026-07-17 17:39:05.135887,535.0477487931904,0.007349019138089126,1000.1615847883063
2026-07-17 17:39:05.275627,535.0477487931904,0.007349019138089126,1000.1615112981149
2026-07-17 17:39:05.423132,535.0477487931904,0.007349019138089126,1000.1615112981149
2026-07-17 17:39:05.569922,535.0477487931904,0.007349019138089126,1000.1615112981149
2026-07-17 17:39:05.708724,535.0477487931904,0.007349019138089126,1000.1615112981149
2026-07-17 17:39:05.851107,535.0477487931904,0.007349019138089126,1000.1615112981149
2026-07-17 17:39:06.060678,535.0477487931904,0.007349019138089126,1000.1377739662988
2026-07-17 17:39:06.193513,481.5429739138714,0.00819446323124273,1000.1378559109312
2026-07-17 17:39:06.355869,481.5429739138714,0.00819446323124273,1000.1378559109312
2026-07-17 17:39:06.527563,481.5429739138714,0.00819446323124273,1000.0886891315437
2026-07-17 17:39:06.678391,433.3886765224842,0.008955434940814001,1000.0885995771941
2026-07-17 17:39:06.830787,433.3886765224842,0.008955434940814001,1000.0885995771941
2026-07-17 17:39:06.974506,433.3886765224842,0.008955434940814001,1000.0886891315436
2026-07-17 17:39:07.137056,433.3886765224842,0.008955434940814001,1000.0886891315436
2026-07-17 17:39:07.291513,433.3886765224842,0.008955434940814001,1000.0885995771941
2026-07-17 17:39:07.439984,433.3886765224842,0.008955434940814001,1000.0885995771941
2026-07-17 17:39:07.596034,433.3886765224842,0.008955434940814001,1000.0885995771941
2026-07-17 17:39:07.771162,433.3886765224842,0.008955434940814001,1000.0707782616621
2026-07-17 17:39:07.919602,390.0498088702358,0.009640331125953965,1000.070778261662
2026-07-17 17:39:08.098860,390.0498088702358,0.009640331125953965,1000.0514975994101
2026-07-17 17:39:08.262905,351.0448279832122,0.010256757175684717,1000.0416511125215
2026-07-17 17:39:08.479798,315.940345184891,0.010811549037537393,1000.041542997031
2026-07-17 17:39:08.633793,315.940345184891,0.010811549037537393,1000.0416511125215
2026-07-17 17:39:08.785128,315.940345184891,0.010811549037537393,999.9871609053723
2026-07-17 17:39:08.937457,284.3463106664019,0.011310901487750205,999.9870477963574
2026-07-17 17:39:09.109649,284.3463106664019,0.011310901487750205,999.9870477963574
2026-07-17 17:39:09.261870,284.3463106664019,0.011310901487750205,999.9870477963574
2026-07-17 17:39:09.431617,284.3463106664019,0.011310901487750205,999.9644259933818
2026-07-17 17:39:09.595430,255.91167959976173,0.011760332970753306,999.9644259933818
2026-07-17 17:39:09.760225,255.91167959976173,0.011760332970753306,999.9645435967116
2026-07-17 17:39:09.899711,255.91167959976173,0.011760332970753306,999.9645435967116
2026-07-17 17:39:10.057744,255.91167959976173,0.011760332970753306,999.9645435967116
2026-07-17 17:39:10.222224,255.91167959976173,0.011760332970753306,999.9645435967116
2026-07-17 17:39:10.374690,255.91167959976173,0.011760332970753306,999.9645435967116
2026-07-17 17:39:10.532566,255.91167959976173,0.011760332970753306,999.9645435967116
2026-07-17 17:39:10.683648,255.91167959976173,0.011760332970753306,999.9645435967116
2026-07-17 17:39:10.897717,255.91167959976173,0.011760332970753306,999.9645435967116
2026-07-17 17:39:11.043473,255.91167959976173,0.011760332970753306,999.9645435967116
2026-07-17 17:39:11.183976,255.91167959976173,0.011760332970753306,999.9645435967116
2026-07-17 17:39:11.408859,255.91167959976173,0.011760332970753306,999.9645435967116
2026-07-17 17:39:11.632387,255.91167959976173,0.011760332970753306,999.9644259933818
2026-07-17 17:39:11.789995,255.91167959976173,0.011760332970753306,999.9645435967116
2026-07-17 17:39:11.929277,255.91167959976173,0.011760332970753306,999.9645435967116
2026-07-17 17:39:12.082929,255.91167959976173,0.011760332970753306,1000.0114673252649
2026-07-17 17:39:12.228351,330.3216583723121,0.010584299673677975,1000.0114673252649
2026-07-17 17:39:12.396102,330.3216583723121,0.010584299673677975,1000.0115731682616
2026-07-17 17:39:12.537958,330.3216583723121,0.010584299673677975,1000.0115731682616
2026-07-17 17:39:12.706772,330.3216583723121,0.010584299673677975,1000.0325300816155
2026-07-17 17:39:12.879573,397.2927455432424,0.009525869706310176,1000.0325300816154
2026-07-17 17:39:13.047296,397.2927455432424,0.009525869706310176,1000.0326253403125
2026-07-17 17:39:13.205985,397.2927455432424,0.009525869706310176,1000.0326253403125
2026-07-17 17:39:13.411348,397.2927455432424,0.009525869706310176,1000.0326253403125
2026-07-17 17:39:13.574417,397.2927455432424,0.009525869706310176,1000.0326253403125
2026-07-17 17:39:13.731184,397.2927455432424,0.009525869706310176,1000.0326253403125
2026-07-17 17:39:13.890397,397.2927455432424,0.009525869706310176,1000.0515818210281
2026-07-17 17:39:14.045686,457.568629171021,0.008573282735679158,1000.0516675538554
2026-07-17 17:39:14.233846,457.568629171021,0.008573282735679158,1000.1031072502694
2026-07-17 17:39:14.382025,511.8220769789458,0.007715954462111242,1000.1031072502694
2026-07-17 17:39:14.548652,511.8220769789458,0.007715954462111242,1000.1031072502694
2026-07-17 17:39:14.695404,511.8220769789458,0.007715954462111242,1000.1031072502694
2026-07-17 17:39:14.852644,511.8220769789458,0.007715954462111242,1000.1030300907248
2026-07-17 17:39:15.025553,511.8220769789458,0.007715954462111242,1000.1030300907248
2026-07-17 17:39:15.176921,511.8220769789458,0.007715954462111242,1000.1030300907248
2026-07-17 17:39:15.329362,511.8220769789458,0.007715954462111242,1000.1030300907248
2026-07-17 17:39:15.502000,511.8220769789458,0.007715954462111242,1000.1031072502694
2026-07-17 17:39:15.710995,511.8220769789458,0.007715954462111242,1000.1030300907248
2026-07-17 17:39:15.853071,511.8220769789458,0.007715954462111242,1000.1030300907248
2026-07-17 17:39:15.999384,511.8220769789458,0.007715954462111242,1000.1030300907248
2026-07-17 17:39:16.139444,511.8220769789458,0.007715954462111242,1000.1030300907248
2026-07-17 17:39:16.298362,511.8220769789458,0.007715954462111242,1000.1030300907248
2026-07-17 17:39:16.457063,511.8220769789458,0.007715954462111242,1000.1031072502694
2026-07-17 17:39:16.599208,511.8220769789458,0.007715954462111242,1000.1031072502694
2026-07-17 17:39:16.752913,511.8220769789458,0.007715954462111242,1000.1031072502694
2026-07-17 17:39:16.901594,511.8220769789458,0.007715954462111242,1000.1031072502694
2026-07-17 17:39:17.048191,511.8220769789458,0.007715954462111242,1000.1030300907248
2026-07-17 17:39:17.196659,511.8220769789458,0.007715954462111242,1000.1030300907248
2026-07-17 17:39:17.343673,511.8220769789458,0.007715954462111242,1000.1031072502694
2026-07-17 17:39:17.488031,511.8220769789458,0.007715954462111242,1000.1031072502694
2026-07-17 17:39:17.637687,511.8220769789458,0.007715954462111242,1000.1030300907248
2026-07-17 17:39:17.895221,511.8220769789458,0.007715954462111242,1000.1031072502694
2026-07-17 17:39:18.159954,511.8220769789458,0.007715954462111242,1000.1031072502694
2026-07-17 17:39:18.304729,511.8220769789458,0.007715954462111242,1000.1031072502694
2026-07-17 17:39:18.445334,511.8220769789458,0.007715954462111242,1000.1031072502694
2026-07-17 17:39:18.592578,511.8220769789458,0.007715954462111242,1000.1031072502694
2026-07-17 17:39:18.737280,511.8220769789458,0.007715954462111242,1000.1030300907248
2026-07-17 17:39:18.879899,511.8220769789458,0.007715954462111242,1000.1030300907248
2026-07-17 17:39:19.042421,511.8220769789458,0.007715954462111242,1000.1031072502694
2026-07-17 17:39:19.185361,511.8220769789458,0.007715954462111242,1000.1031072502694
2026-07-17 17:39:19.329002,511.8220769789458,0.007715954462111242,1000.1031072502694
2026-07-17 17:39:19.485783,511.8220769789458,0.007715954462111242,1000.0723205919656
2026-07-17 17:39:19.628312,460.63986928105123,0.008524801132508978,1000.0723205919656
2026-07-17 17:39:19.799517,460.63986928105123,0.008524801132508978,1000.0723205919656
2026-07-17 17:39:19.957810,460.63986928105123,0.008524801132508978,1000.0723205919656
2026-07-17 17:39:20.108300,460.63986928105123,0.008524801132508978,1000.0723205919656
2026-07-17 17:39:20.263221,460.63986928105123,0.008524801132508978,1000.0722353439544
2026-07-17 17:39:20.473633,460.63986928105123,0.008524801132508978,1000.0722353439544
2026-07-17 17:39:20.658561,460.63986928105123,0.008524801132508978,1000.0722353439544
2026-07-17 17:39:20.817368,460.63986928105123,0.008524801132508978,1000.0722353439544
2026-07-17 17:39:20.989245,460.63986928105123,0.008524801132508978,1000.0722353439544
2026-07-17 17:39:21.139421,460.63986928105123,0.008524801132508978,1000.0722353439544
2026-07-17 17:39:21.282781,460.63986928105123,0.008524801132508978,1000.0722353439544
2026-07-17 17:39:21.424417,460.63986928105123,0.008524801132508978,1000.0722353439544
2026-07-17 17:39:21.579893,460.63986928105123,0.008524801132508978,1000.0723205919656
2026-07-17 17:39:21.722538,460.63986928105123,0.008524801132508978,1000.0723205919656
2026-07-17 17:39:21.875315,460.63986928105123,0.008524801132508978,1000.0723205919656
2026-07-17 17:39:22.013574,460.63986928105123,0.008524801132508978,1000.0723205919656
2026-07-17 17:39:22.158935,460.63986928105123,0.008524801132508978,1000.0723205919656
2026-07-17 17:39:22.318671,460.63986928105123,0.008524801132508978,1000.106249300473
2026-07-17 17:39:22.507123,514.5865072829935,0.0076723210192580805,1000.1062493004731
2026-07-17 17:39:22.693356,514.5865072829935,0.0076723210192580805,1000.1062493004731
2026-07-17 17:39:22.897391,514.5865072829935,0.0076723210192580805,1000.1063260236833
2026-07-17 17:39:23.041016,514.5865072829935,0.0076723210192580805,1000.1063260236833
2026-07-17 17:39:23.224629,514.5865072829935,0.0076723210192580805,1000.1063260236833
2026-07-17 17:39:23.381773,514.5865072829935,0.0076723210192580805,1000.1063260236833
2026-07-17 17:39:23.560023,514.5865072829935,0.0076723210192580805,1000.060368820778
2026-07-17 17:39:23.718081,463.1278565546941,0.008485562099539523,1000.060368820778
2026-07-17 17:39:23.887382,463.1278565546941,0.008485562099539523,1000.060368820778
2026-07-17 17:39:24.032002,463.1278565546941,0.008485562099539523,1000.060368820778
2026-07-17 17:39:24.205773,463.1278565546941,0.008485562099539523,1000.060368820778
2026-07-17 17:39:24.365985,463.1278565546941,0.008485562099539523,1000.060368820778
2026-07-17 17:39:24.520867,463.1278565546941,0.008485562099539523,1000.060368820778
2026-07-17 17:39:24.686267,463.1278565546941,0.008485562099539523,1000.0522226811624
2026-07-17 17:39:24.841215,416.8150708992247,0.009217490176332341,1000.0522226811624
2026-07-17 17:39:25.037179,416.8150708992247,0.009217490176332341,1000.0521305062606
2026-07-17 17:39:25.181426,416.8150708992247,0.009217490176332341,1000.0522226811624
2026-07-17 17:39:25.407350,416.8150708992247,0.009217490176332341,1000.0522226811624
2026-07-17 17:39:25.572921,416.8150708992247,0.009217490176332341,1000.0522226811624
2026-07-17 17:39:25.839456,416.8150708992247,0.009217490176332341,1000.0521305062606
2026-07-17 17:39:26.106109,416.8150708992247,0.009217490176332341,1000.0521305062606
2026-07-17 17:39:26.287747,416.8150708992247,0.009217490176332341,1000.0521305062606
2026-07-17 17:39:26.430667,416.8150708992247,0.009217490176332341,1000.0521305062606
2026-07-17 17:39:26.572395,416.8150708992247,0.009217490176332341,1000.0521305062606
2026-07-17 17:39:26.723513,416.8150708992247,0.009217490176332341,1000.0521305062606
2026-07-17 17:39:26.860013,416.8150708992247,0.009217490176332341,1000.0521305062606
2026-07-17 17:39:27.007199,416.8150708992247,0.009217490176332341,1000.0522226811624
2026-07-17 17:39:27.153672,416.8150708992247,0.009217490176332341,1000.0522226811624
2026-07-17 17:39:27.298570,416.8150708992247,0.009217490176332341,1000.0522226811624
2026-07-17 17:39:27.438297,416.8150708992247,0.009217490176332341,1000.0522226811624
2026-07-17 17:39:27.585463,416.8150708992247,0.009217490176332341,1000.0522226811624
2026-07-17 17:39:27.773217,416.8150708992247,0.009217490176332341,1000.0522226811624
2026-07-17 17:39:27.912963,416.8150708992247,0.009217490176332341,1000.0522226811624
2026-07-17 17:39:28.065093,416.8150708992247,0.009217490176332341,1000.0522226811624
2026-07-17 17:39:28.224906,416.8150708992247,0.009217490176332341,1000.0521305062606
2026-07-17 17:39:28.363341,416.8150708992247,0.009217490176332341,1000.0521305062606
2026-07-17 17:39:28.506062,416.8150708992247,0.009217490176332341,1000.0521305062606
2026-07-17 17:39:28.654782,416.8150708992247,0.009217490176332341,1000.0521305062606
2026-07-17 17:39:28.803146,416.8150708992247,0.009217490176332341,1000.0522226811624
2026-07-17 17:39:28.948941,416.8150708992247,0.009217490176332341,1000.0522226811624
2026-07-17 17:39:29.089290,416.8150708992247,0.009217490176332341,1000.0522226811624
2026-07-17 17:39:29.236065,416.8150708992247,0.009217490176332341,1000.0522226811624
2026-07-17 17:39:29.376144,416.8150708992247,0.009217490176332341,1000.0522226811624
2026-07-17 17:39:29.522358,416.8150708992247,0.009217490176332341,1000.0522226811624
2026-07-17 17:39:29.665610,416.8150708992247,0.009217490176332341,1000.0522226811624
2026-07-17 17:39:29.807391,416.8150708992247,0.009217490176332341,1000.0522226811624
2026-07-17 17:39:30.010025,416.8150708992247,0.009217490176332341,1000.0522226811624
2026-07-17 17:39:30.194212,416.8150708992247,0.009217490176332341,1000.0521305062606
2026-07-17 17:39:30.337821,416.8150708992247,0.009217490176332341,1000.0522226811624
2026-07-17 17:39:30.483395,416.8150708992247,0.009217490176332341,1000.0522226811624
2026-07-17 17:39:30.637918,416.8150708992247,0.009217490176332341,1000.0522226811624
2026-07-17 17:39:30.786909,416.8150708992247,0.009217490176332341,1000.0521305062606
2026-07-17 17:39:30.935889,416.8150708992247,0.009217490176332341,1000.0521305062606
2026-07-17 17:39:31.087430,416.8150708992247,0.009217490176332341,1000.0521305062606
2026-07-17 17:39:31.231652,416.8150708992247,0.009217490176332341,1000.0521305062606
2026-07-17 17:39:31.374101,416.8150708992247,0.009217490176332341,1000.0521305062606
2026-07-17 17:39:31.516686,416.8150708992247,0.009217490176332341,1000.0521305062606
2026-07-17 17:39:31.667417,416.8150708992247,0.009217490176332341,1000.0521305062606
2026-07-17 17:39:31.815103,416.8150708992247,0.009217490176332341,1000.0521305062606
2026-07-17 17:39:31.963282,416.8150708992247,0.009217490176332341,1000.0521305062606
2026-07-17 17:39:32.120707,416.8150708992247,0.009217490176332341,1000.0521305062606
2026-07-17 17:39:32.338501,416.8150708992247,0.009217490176332341,1000.0521305062606
2026-07-17 17:39:32.488735,416.8150708992247,0.009217490176332341,1000.0521305062606
2026-07-17 17:39:32.722908,416.8150708992247,0.009217490176332341,1000.0521305062606
2026-07-17 17:39:32.947362,416.8150708992247,0.009217490176332341,1000.0521305062606
2026-07-17 17:39:33.176133,416.8150708992247,0.009217490176332341,1000.0521305062606
2026-07-17 17:39:33.319041,416.8150708992247,0.009217490176332341,1000.0522226811624
2026-07-17 17:39:33.462173,416.8150708992247,0.009217490176332341,1000.0522226811624
2026-07-17 17:39:33.613814,416.8150708992247,0.009217490176332341,1000.0522226811624
2026-07-17 17:39:33.761550,416.8150708992247,0.009217490176332341,1000.0522226811624
2026-07-17 17:39:33.915424,416.8150708992247,0.009217490176332341,1000.0521305062606
2026-07-17 17:39:34.062221,416.8150708992247,0.009217490176332341,1000.0522226811624
2026-07-17 17:39:34.206968,416.8150708992247,0.009217490176332341,1000.0522226811624
2026-07-17 17:39:34.352703,416.8150708992247,0.009217490176332341,1000.0522226811624
2026-07-17 17:39:34.495911,416.8150708992247,0.009217490176332341,1000.0522226811624
2026-07-17 17:39:34.642111,416.8150708992247,0.009217490176332341,1000.0522226811624
2026-07-17 17:39:34.833532,416.8150708992247,0.009217490176332341,1000.0522226811624
2026-07-17 17:39:34.987422,416.8150708992247,0.009217490176332341,1000.0521305062606
2026-07-17 17:39:35.134401,416.8150708992247,0.009217490176332341,1000.0521305062606
2026-07-17 17:39:35.275710,416.8150708992247,0.009217490176332341,1000.0522226811624
2026-07-17 17:39:35.444562,416.8150708992247,0.009217490176332341,1000.0522226811624
2026-07-17 17:39:35.586321,416.8150708992247,0.009217490176332341,1000.0522226811624
2026-07-17 17:39:35.748641,416.8150708992247,0.009217490176332341,1000.0063195800842
2026-07-17 17:39:35.888798,375.1335638093022,0.009876277294632075,1000.0064183428572
2026-07-17 17:39:36.059134,375.1335638093022,0.009876277294632075,1000.0064183428572
2026-07-17 17:39:36.231048,375.1335638093022,0.009876277294632075,1000.0063195800842
2026-07-17 17:39:36.463611,375.1335638093022,0.009876277294632075,1000.0063195800842
2026-07-17 17:39:36.683283,375.1335638093022,0.009876277294632075,1000.0064183428572
2026-07-17 17:39:36.849477,375.1335638093022,0.009876277294632075,1000.0064183428572
2026-07-17 17:39:37.009465,375.1335638093022,0.009876277294632075,1000.0064183428572
2026-07-17 17:39:37.218580,375.1335638093022,0.009876277294632075,1000.0064183428572
2026-07-17 17:39:37.374825,375.1335638093022,0.009876277294632075,1000.0064183428572
2026-07-17 17:39:37.527903,375.1335638093022,0.009876277294632075,1000.0063195800842
2026-07-17 17:39:37.679127,375.1335638093022,0.009876277294632075,1000.0063195800842
2026-07-17 17:39:37.824488,375.1335638093022,0.009876277294632075,1000.0063195800842
2026-07-17 17:39:37.976220,375.1335638093022,0.009876277294632075,1000.0063195800842
2026-07-17 17:39:38.117532,375.1335638093022,0.009876277294632075,1000.0064183428572
2026-07-17 17:39:38.270864,375.1335638093022,0.009876277294632075,1000.0064183428572
2026-07-17 17:39:38.414151,375.1335638093022,0.009876277294632075,1000.0064183428572
2026-07-17 17:39:38.563302,375.1335638093022,0.009876277294632075,1000.0064183428572
2026-07-17 17:39:38.703159,375.1335638093022,0.009876277294632075,1000.0064183428572
2026-07-17 17:39:38.846966,375.1335638093022,0.009876277294632075,1000.0064183428572
2026-07-17 17:39:39.030358,375.1335638093022,0.009876277294632075,1000.1025145209339
2026-07-17 17:39:39.299210,437.63045888046537,0.008888649565168867,1000.1025145209339
2026-07-17 17:39:39.498476,437.63045888046537,0.008888649565168867,1000.1025145209339
2026-07-17 17:39:39.741733,437.63045888046537,0.008888649565168867,1000.1024256344383
2026-07-17 17:39:39.930989,437.63045888046537,0.008888649565168867,1000.1042033643512
2026-07-17 17:39:40.091089,437.63045888046537,0.008888649565168867,1000.1042033643512
2026-07-17 17:39:40.245551,437.63045888046537,0.008888649565168867,1000.1042033643512
2026-07-17 17:39:40.407759,437.63045888046537,0.008888649565168867,1000.1042033643512
2026-07-17 17:39:40.565482,437.63045888046537,0.008888649565168867,1000.1041144778555
2026-07-17 17:39:40.712334,437.63045888046537,0.008888649565168867,1000.1042033643512
2026-07-17 17:39:40.856658,437.63045888046537,0.008888649565168867,1000.1042033643512
2026-07-17 17:39:41.000614,437.63045888046537,0.008888649565168867,1000.1042033643512
2026-07-17 17:39:41.142995,437.63045888046537,0.008888649565168867,1000.1042033643512
2026-07-17 17:39:41.287354,437.63045888046537,0.008888649565168867,1000.1042033643512
2026-07-17 17:39:41.428396,437.63045888046537,0.008888649565168867,1000.1042033643512
2026-07-17 17:39:41.580764,437.63045888046537,0.008888649565168867,1000.1042033643512
2026-07-17 17:39:41.734901,437.63045888046537,0.008888649565168867,1000.1041144778555
2026-07-17 17:39:41.890634,437.63045888046537,0.008888649565168867,1000.1041144778555
2026-07-17 17:39:42.121643,437.63045888046537,0.008888649565168867,1000.1041144778555
2026-07-17 17:39:42.267408,437.63045888046537,0.008888649565168867,1000.1041144778555
2026-07-17 17:39:42.423548,437.63045888046537,0.008888649565168867,1000.1042033643512
2026-07-17 17:39:42.569038,437.63045888046537,0.008888649565168867,1000.1042033643512
2026-07-17 17:39:42.710487,437.63045888046537,0.008888649565168867,1000.1042033643512
2026-07-17 17:39:42.855339,437.63045888046537,0.008888649565168867,1000.1041144778555
2026-07-17 17:39:43.000923,437.63045888046537,0.008888649565168867,1000.1041144778555
2026-07-17 17:39:43.146733,437.63045888046537,0.008888649565168867,1000.1041144778555
2026-07-17 17:39:43.298964,437.63045888046537,0.008888649565168867,1000.1041144778555
2026-07-17 17:39:43.458542,437.63045888046537,0.008888649565168867,1000.1041144778555
2026-07-17 17:39:43.601066,437.63045888046537,0.008888649565168867,1000.1041144778555
2026-07-17 17:39:43.747106,437.63045888046537,0.008888649565168867,1000.1041144778555
2026-07-17 17:39:43.890111,437.63045888046537,0.008888649565168867,1000.1041144778555
2026-07-17 17:39:44.039274,437.63045888046537,0.008888649565168867,1000.1042033643512
2026-07-17 17:39:44.238970,437.63045888046537,0.008888649565168867,1000.1038478183686
2026-07-17 17:39:44.403738,437.63045888046537,0.008888649565168867,1000.1038478183686
2026-07-17 17:39:44.558594,437.63045888046537,0.008888649565168867,1000.1038478183686
2026-07-17 17:39:44.703255,437.63045888046537,0.008888649565168867,1000.1038478183686
2026-07-17 17:39:44.853822,437.63045888046537,0.008888649565168867,1000.1038478183686
2026-07-17 17:39:44.999088,437.63045888046537,0.008888649565168867,1000.1038478183686
2026-07-17 17:39:45.140757,437.63045888046537,0.008888649565168867,1000.1038478183686
2026-07-17 17:39:45.291908,437.63045888046537,0.008888649565168867,1000.103758931873
2026-07-17 17:39:45.445901,437.63045888046537,0.008888649565168867,1000.103758931873
2026-07-17 17:39:45.604025,437.63045888046537,0.008888649565168867,1000.103758931873
2026-07-17 17:39:45.749173,437.63045888046537,0.008888649565168867,1000.103758931873
2026-07-17 17:39:45.898801,437.63045888046537,0.008888649565168867,1000.1038478183686
2026-07-17 17:39:46.054223,437.63045888046537,0.008888649565168867,1000.1026034074296
2026-07-17 17:39:46.192020,437.63045888046537,0.008888649565168867,1000.1026034074296
2026-07-17 17:39:46.334335,437.63045888046537,0.008888649565168867,1000.1025145209339
2026-07-17 17:39:46.520839,437.63045888046537,0.008888649565168867,1000.1025145209339
2026-07-17 17:39:46.668720,437.63045888046537,0.008888649565168867,1000.1025145209339
2026-07-17 17:39:46.809433,437.63045888046537,0.008888649565168867,1000.1025145209339
2026-07-17 17:39:46.969566,437.63045888046537,0.008888649565168867,1000.0798484645427
2026-07-17 17:39:47.120516,393.86741299241885,0.009580257354255287,1000.06787314285
2026-07-17 17:39:47.300110,354.480671693177,0.01020271666070084,1000.06787314285
2026-07-17 17:39:47.470034,354.480671693177,0.01020271666070084,1000.06787314285
2026-07-17 17:39:47.619414,354.480671693177,0.01020271666070084,1000.06787314285
2026-07-17 17:39:47.781273,354.480671693177,0.01020271666070084,1000.06787314285
2026-07-17 17:39:47.939589,354.480671693177,0.01020271666070084,1000.0677711156834
2026-07-17 17:39:48.097750,354.480671693177,0.01020271666070084,1000.0677711156834
2026-07-17 17:39:48.263869,354.480671693177,0.01020271666070084,1000.0677711156834
2026-07-17 17:39:48.419082,354.480671693177,0.01020271666070084,1000.0677711156834
2026-07-17 17:39:48.581047,354.480671693177,0.01020271666070084,1000.0677711156834
2026-07-17 17:39:48.723856,354.480671693177,0.01020271666070084,1000.0677711156834
2026-07-17 17:39:48.915386,354.480671693177,0.01020271666070084,1000.06787314285
2026-07-17 17:39:49.058597,354.480671693177,0.01020271666070084,1000.06787314285
2026-07-17 17:39:49.201295,354.480671693177,0.01020271666070084,1000.0677711156834
2026-07-17 17:39:49.354389,354.480671693177,0.01020271666070084,1000.0677711156834
2026-07-17 17:39:49.521460,354.480671693177,0.01020271666070084,1000.0677711156834
2026-07-17 17:39:49.778578,354.480671693177,0.01020271666070084,1000.0677711156834
2026-07-17 17:39:50.013713,354.480671693177,0.01020271666070084,1000.0677711156834
2026-07-17 17:39:50.201028,354.480671693177,0.01020271666070084,1000.0677711156834
2026-07-17 17:39:50.371483,354.480671693177,0.01020271666070084,1000.0677711156834
2026-07-17 17:39:50.550518,354.480671693177,0.01020271666070084,1000.0677711156834
2026-07-17 17:39:50.721043,354.480671693177,0.01020271666070084,1000.0677711156834
2026-07-17 17:39:50.882447,354.480671693177,0.01020271666070084,1000.0677711156834
2026-07-17 17:39:51.055891,354.480671693177,0.01020271666070084,1000.0677711156834
2026-07-17 17:39:51.216410,354.480671693177,0.01020271666070084,1000.0677711156834
2026-07-17 17:39:51.368250,354.480671693177,0.01020271666070084,1000.0677711156834
2026-07-17 17:39:51.585436,354.480671693177,0.01020271666070084,1000.06787314285
2026-07-17 17:39:51.754805,354.480671693177,0.01020271666070084,1000.06787314285
2026-07-17 17:39:51.937574,354.480671693177,0.01020271666070084,1000.06787314285
2026-07-17 17:39:52.099039,354.480671693177,0.01020271666070084,1000.06787314285
2026-07-17 17:39:52.256941,354.480671693177,0.01020271666070084,1000.06787314285
2026-07-17 17:39:52.415689,354.480671693177,0.01020271666070084,1000.06787314285
2026-07-17 17:39:52.567628,354.480671693177,0.01020271666070084,1000.06787314285
2026-07-17 17:39:52.730840,354.480671693177,0.01020271666070084,1000.06787314285
2026-07-17 17:39:52.883353,354.480671693177,0.01020271666070084,1000.06787314285
2026-07-17 17:39:53.060990,354.480671693177,0.01020271666070084,1000.06787314285
2026-07-17 17:39:53.319264,354.480671693177,0.01020271666070084,1000.06787314285
2026-07-17 17:39:53.576583,354.480671693177,0.01020271666070084,1000.06787314285
2026-07-17 17:39:53.738550,354.480671693177,0.01020271666070084,1000.06787314285
2026-07-17 17:39:53.899065,354.480671693177,0.01020271666070084,1000.0677711156834
2026-07-17 17:39:54.114457,354.480671693177,0.01020271666070084,1000.0677711156834
2026-07-17 17:39:54.284967,354.480671693177,0.01020271666070084,1000.06787314285
2026-07-17 17:39:54.445514,354.480671693177,0.01020271666070084,1000.06787314285
2026-07-17 17:39:54.605085,354.480671693177,0.01020271666070084,1000.06787314285
2026-07-17 17:39:54.766134,354.480671693177,0.01020271666070084,1000.06787314285
2026-07-17 17:39:54.927251,354.480671693177,0.01020271666070084,1000.06787314285
2026-07-17 17:39:55.086461,354.480671693177,0.01020271666070084,1000.06787314285
2026-07-17 17:39:55.249704,354.480671693177,0.01020271666070084,1000.06787314285
2026-07-17 17:39:55.403304,354.480671693177,0.01020271666070084,1000.06787314285
2026-07-17 17:39:55.546530,354.480671693177,0.01020271666070084,1000.06787314285
2026-07-17 17:39:55.714537,354.480671693177,0.01020271666070084,1000.06787314285
2026-07-17 17:39:55.896494,354.480671693177,0.01020271666070084,1000.0841974895071
2026-07-17 17:39:56.143883,419.04102427281,0.009182444994630756,1000.084289313957
2026-07-17 17:39:56.385836,419.04102427281,0.009182444994630756,1000.084289313957
2026-07-17 17:39:56.586723,419.04102427281,0.009182444994630756,1000.084289313957
2026-07-17 17:39:56.821091,419.04102427281,0.009182444994630756,1000.084289313957
2026-07-17 17:39:56.994959,419.04102427281,0.009182444994630756,1000.084197489507
2026-07-17 17:39:57.163320,419.04102427281,0.009182444994630756,1000.084197489507
2026-07-17 17:39:57.333900,419.04102427281,0.009182444994630756,1000.084197489507
2026-07-17 17:39:57.608647,419.04102427281,0.009182444994630756,1000.084197489507
2026-07-17 17:39:57.927493,419.04102427281,0.009182444994630756,1000.084197489507
2026-07-17 17:39:58.129701,419.04102427281,0.009182444994630756,1000.084197489507
2026-07-17 17:39:58.294430,419.04102427281,0.009182444994630756,1000.084197489507
2026-07-17 17:39:58.445748,419.04102427281,0.009182444994630756,1000.084197489507
2026-07-17 17:39:58.604038,419.04102427281,0.009182444994630756,1000.084197489507
2026-07-17 17:39:58.761573,419.04102427281,0.009182444994630756,1000.084197489507
2026-07-17 17:39:58.923944,419.04102427281,0.009182444994630756,1000.084197489507
2026-07-17 17:39:59.094947,419.04102427281,0.009182444994630756,1000.084197489507
2026-07-17 17:39:59.258513,419.04102427281,0.009182444994630756,1000.084289313957
2026-07-17 17:39:59.403127,419.04102427281,0.009182444994630756,1000.084289313957
2026-07-17 17:39:59.607371,419.04102427281,0.009182444994630756,1000.084289313957
2026-07-17 17:39:59.774255,419.04102427281,0.009182444994630756,1000.084197489507
2026-07-17 17:39:59.934795,419.04102427281,0.009182444994630756,1000.084197489507
2026-07-17 17:40:00.092686,419.04102427281,0.009182444994630756,1000.084197489507
2026-07-17 17:40:00.257352,419.04102427281,0.009182444994630756,1000.084197489507
2026-07-17 17:40:00.407193,419.04102427281,0.009182444994630756,1000.084197489507
2026-07-17 17:40:00.557340,419.04102427281,0.009182444994630756,1000.084289313957
2026-07-17 17:40:00.725902,419.04102427281,0.009182444994630756,1000.084289313957
2026-07-17 17:40:00.892266,419.04102427281,0.009182444994630756,1000.084289313957
2026-07-17 17:40:01.059551,419.04102427281,0.009182444994630756,1000.084289313957
2026-07-17 17:40:01.232949,419.04102427281,0.009182444994630756,1000.084289313957
2026-07-17 17:40:01.389738,419.04102427281,0.009182444994630756,1000.084289313957
2026-07-17 17:40:01.539007,419.04102427281,0.009182444994630756,1000.084197489507
2026-07-17 17:40:01.705915,419.04102427281,0.009182444994630756,1000.084289313957
2026-07-17 17:40:01.860815,419.04102427281,0.009182444994630756,1000.084289313957
2026-07-17 17:40:02.081505,419.04102427281,0.009182444994630756,1000.084197489507
2026-07-17 17:40:02.239068,419.04102427281,0.009182444994630756,1000.084197489507
2026-07-17 17:40:02.394164,419.04102427281,0.009182444994630756,1000.084197489507
2026-07-17 17:40:02.571497,419.04102427281,0.009182444994630756,1000.084197489507
2026-07-17 17:40:02.724725,419.04102427281,0.009182444994630756,1000.084197489507
2026-07-17 17:40:02.875856,419.04102427281,0.009182444994630756,1000.084197489507
2026-07-17 17:40:03.028453,419.04102427281,0.009182444994630756,1000.0699646997654
2026-07-17 17:40:03.174786,377.13692184552895,0.009844687593605487,1000.0699646997654
2026-07-17 17:40:03.373956,377.13692184552895,0.009844687593605487,1000.0699646997654
2026-07-17 17:40:03.536781,377.13692184552895,0.009844687593605487,1000.0694724653857
2026-07-17 17:40:03.701375,377.13692184552895,0.009844687593605487,1000.0694724653857
2026-07-17 17:40:03.868893,377.13692184552895,0.009844687593605487,1000.0600215652959
2026-07-17 17:40:04.022041,339.42322966097606,0.010440715446361873,1000.0600215652959
2026-07-17 17:40:04.199739,339.42322966097606,0.010440715446361873,1000.0600215652959
2026-07-17 17:40:04.395298,339.42322966097606,0.010440715446361873,1000.0600215652959
2026-07-17 17:40:04.556386,339.42322966097606,0.010440715446361873,1000.0600215652959
2026-07-17 17:40:04.722469,339.42322966097606,0.010440715446361873,1000.0600215652959
2026-07-17 17:40:04.884494,339.42322966097606,0.010440715446361873,1000.0600215652959
2026-07-17 17:40:05.041255,339.42322966097606,0.010440715446361873,1000.0599171581414
2026-07-17 17:40:05.200092,339.42322966097606,0.010440715446361873,1000.0600215652959
2026-07-17 17:40:05.369509,339.42322966097606,0.010440715446361873,1000.0599171581414
2026-07-17 17:40:05.525357,339.42322966097606,0.010440715446361873,1000.0599171581414
2026-07-17 17:40:05.669794,339.42322966097606,0.010440715446361873,1000.0599171581414
2026-07-17 17:40:05.815134,339.42322966097606,0.010440715446361873,1000.0599171581414
2026-07-17 17:40:05.962751,339.42322966097606,0.010440715446361873,1000.0599171581414
2026-07-17 17:40:06.106037,339.42322966097606,0.010440715446361873,1000.0599171581414
2026-07-17 17:40:06.251845,339.42322966097606,0.010440715446361873,1000.0599171581414
2026-07-17 17:40:06.397156,339.42322966097606,0.010440715446361873,1000.0600215652959
2026-07-17 17:40:06.552221,339.42322966097606,0.010440715446361873,1000.0599171581414
2026-07-17 17:40:06.739425,339.42322966097606,0.010440715446361873,1000.0599171581414
2026-07-17 17:40:06.878926,339.42322966097606,0.010440715446361873,1000.0599171581414
2026-07-17 17:40:07.026242,339.42322966097606,0.010440715446361873,1000.0599171581414
2026-07-17 17:40:07.174288,339.42322966097606,0.010440715446361873,1000.0599171581414
2026-07-17 17:40:07.325043,339.42322966097606,0.010440715446361873,1000.0599171581414
2026-07-17 17:40:07.481515,339.42322966097606,0.010440715446361873,1000.0599171581414
2026-07-17 17:40:07.633224,339.42322966097606,0.010440715446361873,1000.0599171581414
2026-07-17 17:40:07.782322,339.42322966097606,0.010440715446361873,1000.0599171581414
2026-07-17 17:40:07.928982,339.42322966097606,0.010440715446361873,1000.0599171581414
2026-07-17 17:40:08.089607,339.42322966097606,0.010440715446361873,1000.0599171581414
2026-07-17 17:40:08.373495,339.42322966097606,0.010440715446361873,1000.0599171581414
2026-07-17 17:40:08.607661,339.42322966097606,0.010440715446361873,1000.0599171581414
2026-07-17 17:40:08.750058,339.42322966097606,0.010440715446361873,1000.0599171581414
2026-07-17 17:40:08.895004,339.42322966097606,0.010440715446361873,1000.0599171581414
2026-07-17 17:40:09.039517,339.42322966097606,0.010440715446361873,1000.0600215652959
2026-07-17 17:40:09.230801,339.42322966097606,0.010440715446361873,1000.0600215652959
2026-07-17 17:40:09.374221,339.42322966097606,0.010440715446361873,1000.0600215652959
2026-07-17 17:40:09.518613,339.42322966097606,0.010440715446361873,1000.0600215652959
2026-07-17 17:40:09.703388,339.42322966097606,0.010440715446361873,1000.0599171581414
2026-07-17 17:40:09.851355,339.42322966097606,0.010440715446361873,1000.0599171581414
2026-07-17 17:40:09.997129,339.42322966097606,0.010440715446361873,1000.0600215652959
2026-07-17 17:40:10.144299,339.42322966097606,0.010440715446361873,1000.0600215652959
2026-07-17 17:40:10.286761,339.42322966097606,0.010440715446361873,1000.0600215652959
2026-07-17 17:40:10.437918,339.42322966097606,0.010440715446361873,1000.0600215652959
2026-07-17 17:40:10.585030,339.42322966097606,0.010440715446361873,1000.0600215652959
2026-07-17 17:40:10.742130,339.42322966097606,0.010440715446361873,1000.0599171581414
2026-07-17 17:40:10.890367,339.42322966097606,0.010440715446361873,1000.0599171581414
2026-07-17 17:40:11.047814,339.42322966097606,0.010440715446361873,1000.0600215652959
2026-07-17 17:40:11.188404,339.42322966097606,0.010440715446361873,1000.0600215652959
2026-07-17 17:40:11.330980,339.42322966097606,0.010440715446361873,1000.0600215652959
2026-07-17 17:40:11.527802,339.42322966097606,0.010440715446361873,1000.0600215652959
2026-07-17 17:40:11.669158,339.42322966097606,0.010440715446361873,1000.0600215652959
2026-07-17 17:40:11.813216,339.42322966097606,0.010440715446361873,1000.0600215652959
2026-07-17 17:40:12.038752,339.42322966097606,0.010440715446361873,1000.0600215652959
2026-07-17 17:40:12.282111,339.42322966097606,0.010440715446361873,1000.07672671001
2026-07-17 17:40:12.422210,405.48857936587945,0.009396643901725685,1000.07672671001
2026-07-17 17:40:12.608266,405.48857936587945,0.009396643901725685,1000.07672671001
2026-07-17 17:40:12.763094,405.48857936587945,0.009396643901725685,1000.07672671001
2026-07-17 17:40:12.928101,405.48857936587945,0.009396643901725685,1000.0768206764491
2026-07-17 17:40:13.094982,405.48857936587945,0.009396643901725685,1000.0768206764491
2026-07-17 17:40:13.258289,405.48857936587945,0.009396643901725685,1000.0768206764491
2026-07-17 17:40:13.412081,405.48857936587945,0.009396643901725685,1000.0768206764491
2026-07-17 17:40:13.572877,405.48857936587945,0.009396643901725685,1000.0768206764491
2026-07-17 17:40:13.727434,405.48857936587945,0.009396643901725685,1000.0768206764491
2026-07-17 17:40:14.038989,405.48857936587945,0.009396643901725685,1000.0768206764491
2026-07-17 17:40:14.277977,405.48857936587945,0.009396643901725685,1000.0796396696195
2026-07-17 17:40:14.428458,405.48857936587945,0.009396643901725685,1000.0796396696195
2026-07-17 17:40:14.573738,405.48857936587945,0.009396643901725685,1000.0796396696195
2026-07-17 17:40:14.723719,405.48857936587945,0.009396643901725685,1000.0796396696195
2026-07-17 17:40:14.870028,405.48857936587945,0.009396643901725685,1000.0796396696195
2026-07-17 17:40:15.045825,405.48857936587945,0.009396643901725685,1000.0796396696195
2026-07-17 17:40:15.206050,405.48857936587945,0.009396643901725685,1000.0796396696195
2026-07-17 17:40:15.390757,405.48857936587945,0.009396643901725685,1000.0796396696195
2026-07-17 17:40:15.532118,405.48857936587945,0.009396643901725685,1000.0795457031805
2026-07-17 17:40:15.698157,405.48857936587945,0.009396643901725685,1000.0616920797673
2026-07-17 17:40:15.879084,364.93972142929147,0.01003747876375405,1000.0616920797672
2026-07-17 17:40:16.105771,364.93972142929147,0.01003747876375405,1000.0616920797672
2026-07-17 17:40:16.329122,364.93972142929147,0.01003747876375405,1000.0616920797672
2026-07-17 17:40:16.569328,364.93972142929147,0.01003747876375405,1000.0616920797672
2026-07-17 17:40:16.793381,364.93972142929147,0.01003747876375405,1000.0616920797672
2026-07-17 17:40:16.955445,364.93972142929147,0.01003747876375405,1000.0615917049796
2026-07-17 17:40:17.122007,364.93972142929147,0.01003747876375405,1000.0310777695378
2026-07-17 17:40:17.294536,328.44574928636234,0.010614257941635723,1000.0310777695378
2026-07-17 17:40:17.492561,328.44574928636234,0.010614257941635723,1000.0310777695378
2026-07-17 17:40:17.657533,328.44574928636234,0.010614257941635723,1000.0311839121173
2026-07-17 17:40:17.817037,328.44574928636234,0.010614257941635723,1000.0311839121173
2026-07-17 17:40:17.992507,328.44574928636234,0.010614257941635723,1000.0311839121173
2026-07-17 17:40:18.161207,328.44574928636234,0.010614257941635723,1000.0311839121173
2026-07-17 17:40:18.343576,328.44574928636234,0.010614257941635723,1000.0311839121173
2026-07-17 17:40:18.516157,328.44574928636234,0.010614257941635723,1000.0311839121173
2026-07-17 17:40:18.674024,328.44574928636234,0.010614257941635723,1000.0311839121173
2026-07-17 17:40:18.818379,328.44574928636234,0.010614257941635723,1000.0311839121173
2026-07-17 17:40:18.964882,328.44574928636234,0.010614257941635723,1000.0311839121173
2026-07-17 17:40:19.111287,328.44574928636234,0.010614257941635723,1000.0311839121173
2026-07-17 17:40:19.308874,328.44574928636234,0.010614257941635723,1000.0311839121173
2026-07-17 17:40:19.452925,328.44574928636234,0.010614257941635723,1000.0310777695378
2026-07-17 17:40:19.606484,328.44574928636234,0.010614257941635723,1000.0311839121173
2026-07-17 17:40:19.764716,328.44574928636234,0.010614257941635723,1000.0311839121173
2026-07-17 17:40:19.910338,328.44574928636234,0.010614257941635723,1000.0310777695378
2026-07-17 17:40:20.073547,328.44574928636234,0.010614257941635723,1000.0310777695378
2026-07-17 17:40:20.238523,328.44574928636234,0.010614257941635723,1000.0310777695378
2026-07-17 17:40:20.380671,328.44574928636234,0.010614257941635723,1000.0310777695378
2026-07-17 17:40:20.554961,328.44574928636234,0.010614257941635723,999.9970060015452
2026-07-17 17:40:20.706175,295.6011743577261,0.011133385538807033,999.9970060015452
2026-07-17 17:40:20.887671,295.6011743577261,0.011133385538807033,999.9970060015452
2026-07-17 17:40:21.040042,295.6011743577261,0.011133385538807033,999.9971173354005
2026-07-17 17:40:21.218448,295.6011743577261,0.011133385538807033,999.9971173354005
2026-07-17 17:40:21.393204,295.6011743577261,0.011133385538807033,999.9970060015452
2026-07-17 17:40:21.571074,295.6011743577261,0.011133385538807033,999.9971173354005
2026-07-17 17:40:21.790872,295.6011743577261,0.011133385538807033,999.9971173354005
2026-07-17 17:40:21.957623,295.6011743577261,0.011133385538807033,999.9971173354005
2026-07-17 17:40:22.114275,295.6011743577261,0.011133385538807033,999.9971173354005
2026-07-17 17:40:22.269424,295.6011743577261,0.011133385538807033,999.9971173354005
2026-07-17 17:40:22.426346,295.6011743577261,0.011133385538807033,999.9971173354005
2026-07-17 17:40:22.607411,295.6011743577261,0.011133385538807033,999.9437884186697
2026-07-17 17:40:22.758176,266.0410569219535,0.011600635677326115,999.9437884186696
2026-07-17 17:40:22.952323,266.0410569219535,0.011600635677326115,999.9437884186696
2026-07-17 17:40:23.111946,266.0410569219535,0.011600635677326115,999.9437884186696
2026-07-17 17:40:23.286429,266.0410569219535,0.011600635677326115,999.9437884186696
2026-07-17 17:40:23.466810,266.0410569219535,0.011600635677326115,999.9437884186696
2026-07-17 17:40:23.640332,266.0410569219535,0.011600635677326115,999.9437884186696
2026-07-17 17:40:23.818218,266.0410569219535,0.011600635677326115,999.9437884186696
2026-07-17 17:40:23.986306,266.0410569219535,0.011600635677326115,999.9437884186696
2026-07-17 17:40:24.193391,266.0410569219535,0.011600635677326115,999.9437884186696
2026-07-17 17:40:24.351484,266.0410569219535,0.011600635677326115,999.9436724123129
2026-07-17 17:40:24.499066,266.0410569219535,0.011600635677326115,999.9436724123129
2026-07-17 17:40:24.655973,266.0410569219535,0.011600635677326115,999.9436724123129
2026-07-17 17:40:24.806014,266.0410569219535,0.011600635677326115,999.9436724123129
2026-07-17 17:40:24.965844,266.0410569219535,0.011600635677326115,999.9436724123129
2026-07-17 17:40:25.135769,266.0410569219535,0.011600635677326115,999.9436724123129
2026-07-17 17:40:25.286802,266.0410569219535,0.011600635677326115,999.9436724123129
2026-07-17 17:40:25.464804,266.0410569219535,0.011600635677326115,999.9436724123129
2026-07-17 17:40:25.623470,266.0410569219535,0.011600635677326115,999.9436724123129
2026-07-17 17:40:25.777128,266.0410569219535,0.011600635677326115,999.9437884186696
2026-07-17 17:40:25.927822,266.0410569219535,0.011600635677326115,999.9437884186696
2026-07-17 17:40:26.169809,266.0410569219535,0.011600635677326115,999.9437884186696
2026-07-17 17:40:26.403377,266.0410569219535,0.011600635677326115,999.9437884186696
2026-07-17 17:40:26.575466,266.0410569219535,0.011600635677326115,999.9436724123129
2026-07-17 17:40:26.766910,266.0410569219535,0.011600635677326115,999.9436724123129
2026-07-17 17:40:26.908552,266.0410569219535,0.011600635677326115,999.9437884186696
2026-07-17 17:40:27.058388,266.0410569219535,0.011600635677326115,999.9437884186696
2026-07-17 17:40:27.211829,266.0410569219535,0.011600635677326115,999.9437884186696
2026-07-17 17:40:27.354884,266.0410569219535,0.011600635677326115,999.9437884186696
2026-07-17 17:40:27.504925,266.0410569219535,0.011600635677326115,999.9437884186696
2026-07-17 17:40:27.668901,266.0410569219535,0.011600635677326115,999.9436724123129
2026-07-17 17:40:27.829049,266.0410569219535,0.011600635677326115,999.9437884186696
2026-07-17 17:40:27.971686,266.0410569219535,0.011600635677326115,999.9437884186696
2026-07-17 17:40:28.208314,266.0410569219535,0.011600635677326115,999.9437884186696
2026-07-17 17:40:28.425617,266.0410569219535,0.011600635677326115,999.9437884186696
2026-07-17 17:40:28.607423,266.0410569219535,0.011600635677326115,999.9436724123129
2026-07-17 17:40:28.751804,266.0410569219535,0.011600635677326115,999.9436724123129
2026-07-17 17:40:28.909357,266.0410569219535,0.011600635677326115,999.9436724123129
2026-07-17 17:40:29.064927,266.0410569219535,0.011600635677326115,999.9436724123129
2026-07-17 17:40:29.277646,266.0410569219535,0.011600635677326115,999.9436724123129
2026-07-17 17:40:29.428554,266.0410569219535,0.011600635677326115,999.9436724123129
2026-07-17 17:40:29.571144,266.0410569219535,0.011600635677326115,999.9436724123129
2026-07-17 17:40:29.719579,266.0410569219535,0.011600635677326115,999.9436724123129
2026-07-17 17:40:29.884841,266.0410569219535,0.011600635677326115,999.9436724123129
2026-07-17 17:40:30.040329,266.0410569219535,0.011600635677326115,999.9436724123129
2026-07-17 17:40:30.197306,266.0410569219535,0.011600635677326115,999.9436724123129
2026-07-17 17:40:30.341748,266.0410569219535,0.011600635677326115,999.9436724123129
2026-07-17 17:40:30.498903,266.0410569219535,0.011600635677326115,999.9436724123129
2026-07-17 17:40:30.660408,266.0410569219535,0.011600635677326115,999.9437884186696
2026-07-17 17:40:30.814589,266.0410569219535,0.011600635677326115,999.9437884186696
2026-07-17 17:40:30.967528,266.0410569219535,0.011600635677326115,999.9437884186696
2026-07-17 17:40:31.109002,266.0410569219535,0.011600635677326115,999.9437884186696
2026-07-17 17:40:31.258753,266.0410569219535,0.011600635677326115,999.9437884186696
2026-07-17 17:40:31.492696,266.0410569219535,0.011600635677326115,999.8703563948322
2026-07-17 17:40:31.647514,239.43695122975814,0.012021202882639293,999.8608596445548
2026-07-17 17:40:31.833773,215.49325610678233,0.012399718094547053,999.8608596445549
2026-07-17 17:40:32.011452,215.49325610678233,0.012399718094547053,999.8608596445549
2026-07-17 17:40:32.165510,215.49325610678233,0.012399718094547053,999.8608596445549
2026-07-17 17:40:32.335719,215.49325610678233,0.012399718094547053,999.8608596445549
2026-07-17 17:40:32.516957,215.49325610678233,0.012399718094547053,999.8250244592616
2026-07-17 17:40:32.672812,193.9439304961041,0.012740397349782741,999.8250244592616
2026-07-17 17:40:32.847042,193.9439304961041,0.012740397349782741,999.8251518632351
2026-07-17 17:40:32.994155,193.9439304961041,0.012740397349782741,999.8251518632351
2026-07-17 17:40:33.161500,193.9439304961041,0.012740397349782741,999.8251518632351
2026-07-17 17:40:33.328051,193.9439304961041,0.012740397349782741,999.8251518632351
2026-07-17 17:40:33.498469,193.9439304961041,0.012740397349782741,999.8251518632351
2026-07-17 17:40:33.659722,193.9439304961041,0.012740397349782741,999.8251518632351
2026-07-17 17:40:33.838793,193.9439304961041,0.012740397349782741,999.8251518632351
2026-07-17 17:40:34.062358,193.9439304961041,0.012740397349782741,999.8251518632351
2026-07-17 17:40:34.205905,193.9439304961041,0.012740397349782741,999.8251518632351
2026-07-17 17:40:34.363900,193.9439304961041,0.012740397349782741,999.8250244592616
2026-07-17 17:40:34.511679,193.9439304961041,0.012740397349782741,999.8250244592616
2026-07-17 17:40:34.668492,193.9439304961041,0.012740397349782741,999.8250244592616
2026-07-17 17:40:34.826280,193.9439304961041,0.012740397349782741,999.8362360089293
2026-07-17 17:40:35.009912,274.5331610473866,0.011466357614804468,999.8362360089295
2026-07-17 17:40:35.218326,274.5331610473866,0.011466357614804468,999.8363506725057
2026-07-17 17:40:35.427092,274.5331610473866,0.011466357614804468,999.8363506725057
2026-07-17 17:40:35.640297,274.5331610473866,0.011466357614804468,999.8363506725057
2026-07-17 17:40:35.796735,274.5331610473866,0.011466357614804468,999.8363506725057
2026-07-17 17:40:35.960551,274.5331610473866,0.011466357614804468,999.8362360089295
2026-07-17 17:40:36.132545,274.5331610473866,0.011466357614804468,999.8363506725057
2026-07-17 17:40:36.289092,274.5331610473866,0.011466357614804468,999.8363506725057
2026-07-17 17:40:36.458005,274.5331610473866,0.011466357614804468,999.8363506725057
2026-07-17 17:40:36.659012,274.5331610473866,0.011466357614804468,999.8363506725057
2026-07-17 17:40:36.808522,274.5331610473866,0.011466357614804468,999.8363506725057
2026-07-17 17:40:36.973675,274.5331610473866,0.011466357614804468,999.8363506725057
2026-07-17 17:40:37.122528,274.5331610473866,0.011466357614804468,999.8363506725057
2026-07-17 17:40:37.269171,274.5331610473866,0.011466357614804468,999.8362360089295
2026-07-17 17:40:37.417648,274.5331610473866,0.011466357614804468,999.8362360089295
2026-07-17 17:40:37.580200,274.5331610473866,0.011466357614804468,999.8363506725057
2026-07-17 17:40:37.727808,274.5331610473866,0.011466357614804468,999.8363506725057
2026-07-17 17:40:37.922047,274.5331610473866,0.011466357614804468,999.8363506725057
2026-07-17 17:40:38.104346,274.5331610473866,0.011466357614804468,999.8363506725057
2026-07-17 17:40:38.274969,274.5331610473866,0.011466357614804468,999.8362360089295
2026-07-17 17:40:38.427859,274.5331610473866,0.011466357614804468,999.8362360089295
2026-07-17 17:40:38.584945,274.5331610473866,0.011466357614804468,999.8362360089295
2026-07-17 17:40:38.735533,274.5331610473866,0.011466357614804468,999.8363506725057
2026-07-17 17:40:38.968406,274.5331610473866,0.011466357614804468,999.8363506725057
2026-07-17 17:40:39.143491,274.5331610473866,0.011466357614804468,999.8363506725057
2026-07-17 17:40:39.391690,274.5331610473866,0.011466357614804468,999.8363506725057
2026-07-17 17:40:39.629538,274.5331610473866,0.011466357614804468,999.8363506725057
2026-07-17 17:40:39.795712,274.5331610473866,0.011466357614804468,999.8363506725057
2026-07-17 17:40:39.948408,274.5331610473866,0.011466357614804468,999.8362360089295
2026-07-17 17:40:40.104542,274.5331610473866,0.011466357614804468,999.8362360089295
2026-07-17 17:40:40.255507,274.5331610473866,0.011466357614804468,999.8362360089295
2026-07-17 17:40:40.433787,274.5331610473866,0.011466357614804468,999.8362360089295
2026-07-17 17:40:40.578602,274.5331610473866,0.011466357614804468,999.8362360089295
2026-07-17 17:40:40.739621,274.5331610473866,0.011466357614804468,999.8362360089295
2026-07-17 17:40:40.887669,274.5331610473866,0.011466357614804468,999.8362360089295
2026-07-17 17:40:41.055244,274.5331610473866,0.011466357614804468,999.8362360089295
2026-07-17 17:40:41.209959,274.5331610473866,0.011466357614804468,999.8362360089295
2026-07-17 17:40:41.419341,274.5331610473866,0.011466357614804468,999.8362360089295
2026-07-17 17:40:41.572449,274.5331610473866,0.011466357614804468,999.8362360089295
2026-07-17 17:40:41.724250,274.5331610473866,0.011466357614804468,999.8362360089295
2026-07-17 17:40:41.871646,274.5331610473866,0.011466357614804468,999.8362360089295
2026-07-17 17:40:42.034346,274.5331610473866,0.011466357614804468,999.8362360089295
2026-07-17 17:40:42.185844,274.5331610473866,0.011466357614804468,999.8362360089295
2026-07-17 17:40:42.351709,274.5331610473866,0.011466357614804468,999.8363506725057
2026-07-17 17:40:42.506921,274.5331610473866,0.011466357614804468,999.8363506725057
2026-07-17 17:40:42.761464,274.5331610473866,0.011466357614804468,999.8363506725057
2026-07-17 17:40:42.993872,274.5331610473866,0.011466357614804468,999.8363506725057
2026-07-17 17:40:43.150288,274.5331610473866,0.011466357614804468,999.8363506725057
2026-07-17 17:40:43.309839,274.5331610473866,0.011466357614804468,999.8363506725057
2026-07-17 17:40:43.462558,274.5331610473866,0.011466357614804468,999.8363506725057
2026-07-17 17:40:43.618605,274.5331610473866,0.011466357614804468,999.8363506725057
2026-07-17 17:40:43.775212,274.5331610473866,0.011466357614804468,999.8363506725057
2026-07-17 17:40:43.975323,274.5331610473866,0.011466357614804468,999.8363506725057
2026-07-17 17:40:44.137438,274.5331610473866,0.011466357614804468,999.8363506725057
2026-07-17 17:40:44.290989,274.5331610473866,0.011466357614804468,999.8362360089295
2026-07-17 17:40:44.448599,274.5331610473866,0.011466357614804468,999.8362360089295
2026-07-17 17:40:44.619383,274.5331610473866,0.011466357614804468,999.8363506725057
2026-07-17 17:40:44.766363,274.5331610473866,0.011466357614804468,999.8363506725057
2026-07-17 17:40:44.924350,274.5331610473866,0.011466357614804468,999.8363506725057
2026-07-17 17:40:45.472113,274.5331610473866,0.011466357614804468,999.8362360089295
2026-07-17 17:40:45.837563,274.5331610473866,0.011466357614804468,999.859168724159
2026-07-17 17:40:46.048939,347.06576181506387,0.010319721853324021,999.8591687241591
2026-07-17 17:40:46.234944,347.06576181506387,0.010319721853324021,999.8591687241591
2026-07-17 17:40:46.388061,347.06576181506387,0.010319721853324021,999.8592719213776
2026-07-17 17:40:46.565757,347.06576181506387,0.010319721853324021,999.8592719213776
2026-07-17 17:40:46.727329,347.06576181506387,0.010319721853324021,999.8592719213776
2026-07-17 17:40:46.943442,347.06576181506387,0.010319721853324021,999.8592719213776
2026-07-17 17:40:47.112933,347.06576181506387,0.010319721853324021,999.8592719213776
2026-07-17 17:40:47.295323,347.06576181506387,0.010319721853324021,999.8592719213776
2026-07-17 17:40:47.456167,347.06576181506387,0.010319721853324021,999.8591687241591
2026-07-17 17:40:47.692304,347.06576181506387,0.010319721853324021,999.8591687241591
2026-07-17 17:40:47.868923,347.06576181506387,0.010319721853324021,999.8591687241591
2026-07-17 17:40:48.025373,347.06576181506387,0.010319721853324021,999.8591687241591
2026-07-17 17:40:48.189787,347.06576181506387,0.010319721853324021,999.8592719213776
2026-07-17 17:40:48.362115,347.06576181506387,0.010319721853324021,999.8592719213776
2026-07-17 17:40:48.515165,347.06576181506387,0.010319721853324021,999.8591687241591
2026-07-17 17:40:48.681548,347.06576181506387,0.010319721853324021,999.8591687241591
2026-07-17 17:40:48.823968,347.06576181506387,0.010319721853324021,999.8591687241591
2026-07-17 17:40:48.978959,347.06576181506387,0.010319721853324021,999.8591687241591
2026-07-17 17:40:49.139638,347.06576181506387,0.010319721853324021,999.8591687241591
2026-07-17 17:40:49.351709,347.06576181506387,0.010319721853324021,999.8591687241591
2026-07-17 17:40:49.501291,347.06576181506387,0.010319721853324021,999.8592719213776
2026-07-17 17:40:49.675476,347.06576181506387,0.010319721853324021,999.8592719213776
2026-07-17 17:40:49.831013,347.06576181506387,0.010319721853324021,999.8592719213776
2026-07-17 17:40:49.984749,347.06576181506387,0.010319721853324021,999.8592719213776
2026-07-17 17:40:50.140982,347.06576181506387,0.010319721853324021,999.8591687241591
2026-07-17 17:40:50.284869,347.06576181506387,0.010319721853324021,999.8591687241591
2026-07-17 17:40:50.444651,347.06576181506387,0.010319721853324021,999.8591687241591
2026-07-17 17:40:50.607420,347.06576181506387,0.010319721853324021,999.8592719213776
2026-07-17 17:40:50.781744,347.06576181506387,0.010319721853324021,999.8592719213776
2026-07-17 17:40:50.928422,347.06576181506387,0.010319721853324021,999.8592719213776
2026-07-17 17:40:51.096089,347.06576181506387,0.010319721853324021,999.8592719213776
2026-07-17 17:40:51.251494,347.06576181506387,0.010319721853324021,999.8592719213776
2026-07-17 17:40:51.405548,347.06576181506387,0.010319721853324021,999.8592719213776
2026-07-17 17:40:51.564321,347.06576181506387,0.010319721853324021,999.8592719213776
2026-07-17 17:40:51.765247,347.06576181506387,0.010319721853324021,999.8591687241591
2026-07-17 17:40:51.909281,347.06576181506387,0.010319721853324021,999.8591687241591
2026-07-17 17:40:52.077396,347.06576181506387,0.010319721853324021,999.8591687241591
2026-07-17 17:40:52.225546,347.06576181506387,0.010319721853324021,999.8592719213776
2026-07-17 17:40:52.387210,347.06576181506387,0.010319721853324021,999.8592719213776
2026-07-17 17:40:52.543455,347.06576181506387,0.010319721853324021,999.8592719213776
2026-07-17 17:40:52.697216,347.06576181506387,0.010319721853324021,999.8592719213776
2026-07-17 17:40:52.884328,347.06576181506387,0.010319721853324021,999.8591687241591
2026-07-17 17:40:53.043743,347.06576181506387,0.010319721853324021,999.8591687241591
2026-07-17 17:40:53.208112,347.06576181506387,0.010319721853324021,999.8592719213776
2026-07-17 17:40:53.357211,347.06576181506387,0.010319721853324021,999.8592719213776
2026-07-17 17:40:53.517731,347.06576181506387,0.010319721853324021,999.8591687241591
2026-07-17 17:40:53.680403,347.06576181506387,0.010319721853324021,999.8591687241591
2026-07-17 17:40:53.833514,347.06576181506387,0.010319721853324021,999.8591687241591
2026-07-17 17:40:54.057633,347.06576181506387,0.010319721853324021,999.8592719213776
2026-07-17 17:40:54.208127,347.06576181506387,0.010319721853324021,999.8591687241591
2026-07-17 17:40:54.364081,347.06576181506387,0.010319721853324021,999.838632477671
2026-07-17 17:40:54.540492,312.3591856335575,0.010868400005819526,999.8073314856542
2026-07-17 17:40:54.749781,281.12326707020173,0.011362232827311771,999.8073314856542
2026-07-17 17:40:54.936015,281.12326707020173,0.011362232827311771,999.8073314856542
2026-07-17 17:40:55.098489,281.12326707020173,0.011362232827311771,999.8072178633258
2026-07-17 17:40:55.280747,281.12326707020173,0.011362232827311771,999.8073314856542
2026-07-17 17:40:55.455463,281.12326707020173,0.011362232827311771,999.8073314856542
2026-07-17 17:40:55.621985,281.12326707020173,0.011362232827311771,999.8072178633258
2026-07-17 17:40:55.790955,281.12326707020173,0.011362232827311771,999.8072178633258
2026-07-17 17:40:55.952476,281.12326707020173,0.011362232827311771,999.8072178633258
2026-07-17 17:40:56.122078,281.12326707020173,0.011362232827311771,999.8072178633258
2026-07-17 17:40:56.274192,281.12326707020173,0.011362232827311771,999.8073314856542
2026-07-17 17:40:56.477386,281.12326707020173,0.011362232827311771,999.8073314856542
2026-07-17 17:40:56.638784,281.12326707020173,0.011362232827311771,999.8073314856542
2026-07-17 17:40:56.786455,281.12326707020173,0.011362232827311771,999.8073314856542
2026-07-17 17:40:56.953292,281.12326707020173,0.011362232827311771,999.8073314856542
2026-07-17 17:40:57.192394,281.12326707020173,0.011362232827311771,999.8073314856542
2026-07-17 17:40:57.413360,281.12326707020173,0.011362232827311771,999.8073314856542
2026-07-17 17:40:57.555530,281.12326707020173,0.011362232827311771,999.8073314856542
2026-07-17 17:40:57.709256,281.12326707020173,0.011362232827311771,999.8073314856542
2026-07-17 17:40:57.858651,281.12326707020173,0.011362232827311771,999.8073314856542
2026-07-17 17:40:58.014772,281.12326707020173,0.011362232827311771,999.8073314856542
2026-07-17 17:40:58.158848,281.12326707020173,0.011362232827311771,999.8073314856542
2026-07-17 17:40:58.316577,281.12326707020173,0.011362232827311771,999.8073314856542
2026-07-17 17:40:58.470683,281.12326707020173,0.011362232827311771,999.8072178633258
2026-07-17 17:40:58.627455,281.12326707020173,0.011362232827311771,999.7844933976712
2026-07-17 17:40:58.769521,253.01094036318156,0.011806696490663869,999.7844933976713
2026-07-17 17:40:59.004486,253.01094036318156,0.011806696490663869,999.7844933976713
2026-07-17 17:40:59.268324,253.01094036318156,0.011806696490663869,999.7729228351104
2026-07-17 17:40:59.511652,227.7098463268634,0.01220671998567325,999.7728007679106
2026-07-17 17:40:59.703925,227.7098463268634,0.01220671998567325,999.760471980725
2026-07-17 17:40:59.848492,204.93886169417706,0.012566746937239881,999.760471980725
2026-07-17 17:41:00.015106,204.93886169417706,0.012566746937239881,999.760471980725
2026-07-17 17:41:00.164119,204.93886169417706,0.012566746937239881,999.760471980725
2026-07-17 17:41:00.330740,204.93886169417706,0.012566746937239881,999.760471980725
2026-07-17 17:41:00.504481,204.93886169417706,0.012566746937239881,999.7102049929761
2026-07-17 17:41:00.672648,184.44497552475934,0.012890791687246486,999.7100760850592
2026-07-17 17:41:00.849341,184.44497552475934,0.012890791687246486,999.7102049929761
2026-07-17 17:41:01.010201,184.44497552475934,0.012890791687246486,999.7102049929761
2026-07-17 17:41:01.246121,184.44497552475934,0.012890791687246486,999.6845523175185
2026-07-17 17:41:01.536865,166.00047797228342,0.013182441139129433,999.5993937477597
2026-07-17 17:41:01.814651,149.40043017505508,0.01344495246064444,999.5843354010037
2026-07-17 17:41:01.986374,134.46038715754958,0.013681216834617694,999.5691492503173
2026-07-17 17:41:02.163643,121.01434844179462,0.013893858503847698,999.5691492503173
2026-07-17 17:41:02.337225,121.01434844179462,0.013893858503847698,999.5656757856914
2026-07-17 17:41:02.487316,121.01434844179462,0.013893858503847698,999.5658147242764
2026-07-17 17:41:02.669182,121.01434844179462,0.013893858503847698,999.5658147242764
2026-07-17 17:41:02.835855,121.01434844179462,0.013893858503847698,999.5658147242764
2026-07-17 17:41:02.997322,121.01434844179462,0.013893858503847698,999.5658147242764
2026-07-17 17:41:03.165530,121.01434844179462,0.013893858503847698,999.5658147242764
2026-07-17 17:41:03.344143,121.01434844179462,0.013893858503847698,999.495372861662
2026-07-17 17:41:03.532314,108.91291359761516,0.014085252078375498,999.495372861662
2026-07-17 17:41:03.713828,108.91291359761516,0.014085252078375498,999.495372861662
2026-07-17 17:41:03.873299,108.91291359761516,0.014085252078375498,999.495372861662
2026-07-17 17:41:04.056763,108.91291359761516,0.014085252078375498,999.495372861662
2026-07-17 17:41:04.281011,108.91291359761516,0.014085252078375498,999.495372861662
2026-07-17 17:41:04.451046,108.91291359761516,0.014085252078375498,999.4952320091411
2026-07-17 17:41:04.627347,108.91291359761516,0.014085252078375498,999.4952320091411
2026-07-17 17:41:04.799927,108.91291359761516,0.014085252078375498,999.4952320091411
2026-07-17 17:41:04.968734,108.91291359761516,0.014085252078375498,999.4952320091411
2026-07-17 17:41:05.126419,108.91291359761516,0.014085252078375498,999.495372861662
2026-07-17 17:41:05.283052,108.91291359761516,0.014085252078375498,999.495372861662
2026-07-17 17:41:05.440046,108.91291359761516,0.014085252078375498,999.495372861662
2026-07-17 17:41:05.594942,108.91291359761516,0.014085252078375498,999.4952320091411
2026-07-17 17:41:05.771836,108.91291359761516,0.014085252078375498,999.4952320091411
2026-07-17 17:41:05.955454,108.91291359761516,0.014085252078375498,999.4952320091411
2026-07-17 17:41:06.115127,108.91291359761516,0.014085252078375498,999.4952320091411
2026-07-17 17:41:06.300576,108.91291359761516,0.014085252078375498,999.4952320091411
2026-07-17 17:41:06.462874,108.91291359761516,0.014085252078375498,999.4952320091411
2026-07-17 17:41:06.621774,108.91291359761516,0.014085252078375498,999.4952320091411
2026-07-17 17:41:06.820226,108.91291359761516,0.014085252078375498,999.4952320091411
2026-07-17 17:41:07.029662,108.91291359761516,0.014085252078375498,999.495372861662
2026-07-17 17:41:07.212405,108.91291359761516,0.014085252078375498,999.495372861662
2026-07-17 17:41:07.378648,108.91291359761516,0.014085252078375498,999.4952320091411
2026-07-17 17:41:07.528332,108.91291359761516,0.014085252078375498,999.4952320091411
2026-07-17 17:41:07.697904,108.91291359761516,0.014085252078375498,999.4952320091411
2026-07-17 17:41:07.871540,108.91291359761516,0.014085252078375498,999.4672023575051
2026-07-17 17:41:08.064033,98.02162223785365,0.014257511744290864,999.4670597823878
2026-07-17 17:41:08.287034,98.02162223785365,0.014257511744290864,999.2574743597468
2026-07-17 17:41:08.472572,88.21946001406829,0.014412581521748144,999.2580508630076
2026-07-17 17:41:08.659993,88.21946001406829,0.014412581521748144,999.3054682562141
2026-07-17 17:41:08.794213,179.32806083828285,0.01297132336957333,999.3054682562142
2026-07-17 17:41:08.966321,179.32806083828285,0.01297132336957333,999.3054682562142
2026-07-17 17:41:09.109910,179.32806083828285,0.01297132336957333,999.3054682562142
2026-07-17 17:41:09.272702,179.32806083828285,0.01297132336957333,999.3053385429805
2026-07-17 17:41:09.478911,179.32806083828285,0.01297132336957333,999.3053385429805
2026-07-17 17:41:09.632311,179.32806083828285,0.01297132336957333,999.3053385429805
2026-07-17 17:41:09.796010,179.32806083828285,0.01297132336957333,999.3053385429805
2026-07-17 17:41:09.959457,179.32806083828285,0.01297132336957333,999.3054682562142
2026-07-17 17:41:10.108181,179.32806083828285,0.01297132336957333,999.3054682562142
2026-07-17 17:41:10.267133,179.32806083828285,0.01297132336957333,999.3054682562142
2026-07-17 17:41:10.408346,179.32806083828285,0.01297132336957333,999.3054682562142
2026-07-17 17:41:10.561537,179.32806083828285,0.01297132336957333,999.3054682562142
2026-07-17 17:41:10.698839,179.32806083828285,0.01297132336957333,999.3053385429805
2026-07-17 17:41:10.833268,179.32806083828285,0.01297132336957333,999.3053385429805
2026-07-17 17:41:10.982124,179.32806083828285,0.01297132336957333,999.3053385429805
2026-07-17 17:41:11.131847,179.32806083828285,0.01297132336957333,999.3053385429805
2026-07-17 17:41:11.276625,179.32806083828285,0.01297132336957333,999.3053385429805
2026-07-17 17:41:11.420687,179.32806083828285,0.01297132336957333,999.3053385429805
2026-07-17 17:41:11.567331,179.32806083828285,0.01297132336957333,999.3053385429805
2026-07-17 17:41:11.764260,179.32806083828285,0.01297132336957333,999.3054682562142
2026-07-17 17:41:11.916992,179.32806083828285,0.01297132336957333,999.3054682562142
2026-07-17 17:41:12.063909,179.32806083828285,0.01297132336957333,999.3054682562142
2026-07-17 17:41:12.218385,179.32806083828285,0.01297132336957333,999.3054682562142
2026-07-17 17:41:12.362161,179.32806083828285,0.01297132336957333,999.3054682562142
2026-07-17 17:41:12.502363,179.32806083828285,0.01297132336957333,999.3054682562142
2026-07-17 17:41:12.649737,179.32806083828285,0.01297132336957333,999.3054682562142
2026-07-17 17:41:12.881258,179.32806083828285,0.01297132336957333,999.3054682562142
2026-07-17 17:41:13.129798,179.32806083828285,0.01297132336957333,999.305597969448
2026-07-17 17:41:13.303991,179.32806083828285,0.01297132336957333,999.305597969448
2026-07-17 17:41:13.474495,179.32806083828285,0.01297132336957333,999.305597969448
2026-07-17 17:41:13.632027,179.32806083828285,0.01297132336957333,999.305597969448
2026-07-17 17:41:13.790378,179.32806083828285,0.01297132336957333,999.3057276826817
2026-07-17 17:41:13.948980,179.32806083828285,0.01297132336957333,999.3057276826817
2026-07-17 17:41:14.105552,179.32806083828285,0.01297132336957333,999.3057276826817
2026-07-17 17:41:14.258275,179.32806083828285,0.01297132336957333,999.3057276826817
2026-07-17 17:41:14.441226,179.32806083828285,0.01297132336957333,999.3057276826817
2026-07-17 17:41:14.578965,179.32806083828285,0.01297132336957333,999.3057276826817
2026-07-17 17:41:14.753370,179.32806083828285,0.01297132336957333,999.3057276826817
2026-07-17 17:41:14.897844,179.32806083828285,0.01297132336957333,999.3057276826817
2026-07-17 17:41:15.056369,179.32806083828285,0.01297132336957333,999.305597969448
2026-07-17 17:41:15.205053,179.32806083828285,0.01297132336957333,999.305597969448
2026-07-17 17:41:15.346845,179.32806083828285,0.01297132336957333,999.305597969448
2026-07-17 17:41:15.507262,179.32806083828285,0.01297132336957333,999.305597969448
2026-07-17 17:41:15.644725,179.32806083828285,0.01297132336957333,999.305597969448
2026-07-17 17:41:15.786811,179.32806083828285,0.01297132336957333,999.305597969448
2026-07-17 17:41:15.926033,179.32806083828285,0.01297132336957333,999.305597969448
2026-07-17 17:41:16.075748,179.32806083828285,0.01297132336957333,999.305597969448
2026-07-17 17:41:16.235904,179.32806083828285,0.01297132336957333,999.305597969448
2026-07-17 17:41:16.398966,179.32806083828285,0.01297132336957333,999.305597969448
2026-07-17 17:41:16.550181,179.32806083828285,0.01297132336957333,999.3057276826817
2026-07-17 17:41:16.691388,179.32806083828285,0.01297132336957333,999.3057276826817
2026-07-17 17:41:16.889931,179.32806083828285,0.01297132336957333,999.3057276826817
2026-07-17 17:41:17.025356,179.32806083828285,0.01297132336957333,999.3057276826817
2026-07-17 17:41:17.196135,179.32806083828285,0.01297132336957333,999.305597969448
2026-07-17 17:41:17.341486,179.32806083828285,0.01297132336957333,999.305597969448
2026-07-17 17:41:17.494380,179.32806083828285,0.01297132336957333,999.305597969448
2026-07-17 17:41:17.640889,179.32806083828285,0.01297132336957333,999.305597969448
2026-07-17 17:41:17.780852,179.32806083828285,0.01297132336957333,999.3057276826817
2026-07-17 17:41:17.950817,179.32806083828285,0.01297132336957333,999.3057276826817
2026-07-17 17:41:18.088806,179.32806083828285,0.01297132336957333,999.3057276826817
2026-07-17 17:41:18.251845,179.32806083828285,0.01297132336957333,999.3057276826817
2026-07-17 17:41:18.503352,179.32806083828285,0.01297132336957333,999.305597969448
2026-07-17 17:41:18.710179,179.32806083828285,0.01297132336957333,999.305597969448
2026-07-17 17:41:18.903408,179.32806083828285,0.01297132336957333,999.305597969448
2026-07-17 17:41:19.037110,179.32806083828285,0.01297132336957333,999.305597969448
2026-07-17 17:41:19.174764,179.32806083828285,0.01297132336957333,999.305597969448
2026-07-17 17:41:19.380379,179.32806083828285,0.01297132336957333,999.3054682562142
2026-07-17 17:41:19.519767,179.32806083828285,0.01297132336957333,999.3050791165131
2026-07-17 17:41:19.663833,179.32806083828285,0.01297132336957333,999.3050791165131
2026-07-17 17:41:19.803415,179.32806083828285,0.01297132336957333,999.3050791165131
2026-07-17 17:41:19.954106,179.32806083828285,0.01297132336957333,999.2799147491762
2026-07-17 17:41:20.104319,161.39525475445456,0.013255013473483342,999.2799147491761
2026-07-17 17:41:20.291983,161.39525475445456,0.013255013473483342,999.2510188198039
2026-07-17 17:41:20.465848,145.2557292790091,0.013510343372503971,999.2510188198039
2026-07-17 17:41:20.635271,145.2557292790091,0.013510343372503971,999.2510188198039
2026-07-17 17:41:20.780018,145.2557292790091,0.013510343372503971,999.2510188198039
2026-07-17 17:41:20.926191,145.2557292790091,0.013510343372503971,999.2510188198039
2026-07-17 17:41:21.090264,145.2557292790091,0.013510343372503971,999.2508837163703
2026-07-17 17:41:21.234884,145.2557292790091,0.013510343372503971,999.2508837163703
2026-07-17 17:41:21.386862,145.2557292790091,0.013510343372503971,999.2508837163703
2026-07-17 17:41:21.553023,145.2557292790091,0.013510343372503971,999.2510188198039
2026-07-17 17:41:21.701750,145.2557292790091,0.013510343372503971,999.2510188198039
2026-07-17 17:41:21.904314,145.2557292790091,0.013510343372503971,999.2508837163703
2026-07-17 17:41:22.071659,145.2557292790091,0.013510343372503971,999.2446689584189
2026-07-17 17:41:22.227639,145.2557292790091,0.013510343372503971,999.2446689584189
2026-07-17 17:41:22.401753,145.2557292790091,0.013510343372503971,999.2446689584189
2026-07-17 17:41:22.568845,145.2557292790091,0.013510343372503971,999.2446689584189
2026-07-17 17:41:22.731985,145.2557292790091,0.013510343372503971,999.2446689584189
2026-07-17 17:41:22.880478,145.2557292790091,0.013510343372503971,999.2446689584189
2026-07-17 17:41:23.031430,145.2557292790091,0.013510343372503971,999.2446689584189
2026-07-17 17:41:23.174705,145.2557292790091,0.013510343372503971,999.2446689584189
2026-07-17 17:41:23.319536,145.2557292790091,0.013510343372503971,999.2446689584189
2026-07-17 17:41:23.486002,145.2557292790091,0.013510343372503971,999.2446689584189
2026-07-17 17:41:23.631808,145.2557292790091,0.013510343372503971,999.2446689584189
2026-07-17 17:41:23.779902,145.2557292790091,0.013510343372503971,999.2445338549851
2026-07-17 17:41:23.940112,145.2557292790091,0.013510343372503971,999.2445338549851
2026-07-17 17:41:24.098037,145.2557292790091,0.013510343372503971,999.2445338549851
2026-07-17 17:41:24.328056,145.2557292790091,0.013510343372503971,999.2445338549851
2026-07-17 17:41:24.511934,145.2557292790091,0.013510343372503971,999.2445338549851
2026-07-17 17:41:24.678193,145.2557292790091,0.013510343372503971,999.2445338549851
2026-07-17 17:41:24.845969,145.2557292790091,0.013510343372503971,999.2445338549851
2026-07-17 17:41:24.988992,145.2557292790091,0.013510343372503971,999.2445338549851
2026-07-17 17:41:25.146354,145.2557292790091,0.013510343372503971,999.2445338549851
2026-07-17 17:41:25.307675,145.2557292790091,0.013510343372503971,999.2176482716739
2026-07-17 17:41:25.463565,130.73015635110818,0.013740149261471223,999.2176482716739
2026-07-17 17:41:25.672026,130.73015635110818,0.013740149261471223,999.1077270775822
2026-07-17 17:41:25.833724,117.65714071599736,0.013947000741955337,999.1077270775821
2026-07-17 17:41:26.027817,117.65714071599736,0.013947000741955337,999.1077270775821
2026-07-17 17:41:26.205743,117.65714071599736,0.013947000741955337,999.1077270775821
2026-07-17 17:41:26.389369,117.65714071599736,0.013947000741955337,999.1077270775821
2026-07-17 17:41:26.550738,117.65714071599736,0.013947000741955337,999.1077270775821
2026-07-17 17:41:26.714810,117.65714071599736,0.013947000741955337,999.1077270775821
2026-07-17 17:41:26.928188,117.65714071599736,0.013947000741955337,999.1075876075746
2026-07-17 17:41:27.082042,117.65714071599736,0.013947000741955337,999.1075876075746
2026-07-17 17:41:27.242998,117.65714071599736,0.013947000741955337,999.1075876075746
2026-07-17 17:41:27.396840,117.65714071599736,0.013947000741955337,999.1077270775821
2026-07-17 17:41:27.568265,117.65714071599736,0.013947000741955337,999.1077270775821
2026-07-17 17:41:27.742062,117.65714071599736,0.013947000741955337,999.1077270775821
2026-07-17 17:41:27.885373,117.65714071599736,0.013947000741955337,999.1077270775821
2026-07-17 17:41:28.031794,117.65714071599736,0.013947000741955337,999.1077270775821
2026-07-17 17:41:28.209040,117.65714071599736,0.013947000741955337,999.1077270775821
2026-07-17 17:41:28.356435,117.65714071599736,0.013947000741955337,999.1075876075746
2026-07-17 17:41:28.512304,117.65714071599736,0.013947000741955337,999.1077270775821
2026-07-17 17:41:28.676904,117.65714071599736,0.013947000741955337,999.1077270775821
2026-07-17 17:41:28.835193,117.65714071599736,0.013947000741955337,999.1077270775821
2026-07-17 17:41:28.977449,117.65714071599736,0.013947000741955337,999.1077270775821
2026-07-17 17:41:29.148663,117.65714071599736,0.013947000741955337,999.1077270775821
2026-07-17 17:41:29.418617,117.65714071599736,0.013947000741955337,999.1075876075746
2026-07-17 17:41:29.722754,117.65714071599736,0.013947000741955337,999.1075876075746
2026-07-17 17:41:29.948755,117.65714071599736,0.013947000741955337,999.1075876075746
2026-07-17 17:41:30.143268,117.65714071599736,0.013947000741955337,999.1075876075746
2026-07-17 17:41:30.386832,117.65714071599736,0.013947000741955337,999.1075876075746
2026-07-17 17:41:30.607517,117.65714071599736,0.013947000741955337,999.1075876075746
2026-07-17 17:41:30.815921,117.65714071599736,0.013947000741955337,999.1075876075746
2026-07-17 17:41:31.034423,117.65714071599736,0.013947000741955337,999.1075876075746
2026-07-17 17:41:31.226188,117.65714071599736,0.013947000741955337,999.1077270775821
2026-07-17 17:41:31.373731,117.65714071599736,0.013947000741955337,999.1077270775821
2026-07-17 17:41:31.532934,117.65714071599736,0.013947000741955337,999.1075876075746
2026-07-17 17:41:31.691431,117.65714071599736,0.013947000741955337,999.1077270775821
2026-07-17 17:41:31.851219,117.65714071599736,0.013947000741955337,999.1075876075746
2026-07-17 17:41:32.006318,117.65714071599736,0.013947000741955337,999.1075876075746
2026-07-17 17:41:32.192772,117.65714071599736,0.013947000741955337,999.1075876075746
2026-07-17 17:41:32.407073,117.65714071599736,0.013947000741955337,999.1075876075746
2026-07-17 17:41:32.569868,117.65714071599736,0.013947000741955337,999.1075876075746
2026-07-17 17:41:32.741411,117.65714071599736,0.013947000741955337,999.1075876075746
2026-07-17 17:41:32.922476,117.65714071599736,0.013947000741955337,999.1075876075746
2026-07-17 17:41:33.095933,117.65714071599736,0.013947000741955337,999.1077270775821
2026-07-17 17:41:33.505785,117.65714071599736,0.013947000741955337,999.1075876075746
2026-07-17 17:41:33.841428,117.65714071599736,0.013947000741955337,999.1077270775821
2026-07-17 17:41:34.083971,117.65714071599736,0.013947000741955337,999.1075876075746
2026-07-17 17:41:34.400491,117.65714071599736,0.013947000741955337,999.1075876075746
2026-07-17 17:41:34.674843,117.65714071599736,0.013947000741955337,999.1075876075746
2026-07-17 17:41:34.887978,117.65714071599736,0.013947000741955337,999.1075876075746
2026-07-17 17:41:35.164128,117.65714071599736,0.013947000741955337,999.1077270775821
2026-07-17 17:41:35.390288,117.65714071599736,0.013947000741955337,999.1077270775821
2026-07-17 17:41:35.941819,117.65714071599736,0.013947000741955337,999.1075876075746
2026-07-17 17:41:36.620397,117.65714071599736,0.013947000741955337,999.1075876075746
2026-07-17 17:41:37.009487,117.65714071599736,0.013947000741955337,999.1075876075746
2026-07-17 17:41:37.209329,117.65714071599736,0.013947000741955337,999.1075876075746
2026-07-17 17:41:37.385570,117.65714071599736,0.013947000741955337,999.1075876075746
2026-07-17 17:41:37.596853,117.65714071599736,0.013947000741955337,999.1075876075746
2026-07-17 17:41:37.818150,117.65714071599736,0.013947000741955337,999.1071691975524
2026-07-17 17:41:38.061384,117.65714071599736,0.013947000741955337,999.0978247070553
2026-07-17 17:41:38.319339,105.89142664439763,0.014133169165839775,999.0978247070553
2026-07-17 17:41:38.553488,105.89142664439763,0.014133169165839775,999.0978247070553
2026-07-17 17:41:38.777486,105.89142664439763,0.014133169165839775,999.0976833753637
2026-07-17 17:41:39.041738,105.89142664439763,0.014133169165839775,999.0976833753637
2026-07-17 17:41:39.226659,105.89142664439763,0.014133169165839775,999.0976833753637
2026-07-17 17:41:39.436575,105.89142664439763,0.014133169165839775,999.0978247070553
2026-07-17 17:41:39.627330,105.89142664439763,0.014133169165839775,999.0978247070553
2026-07-17 17:41:39.897912,105.89142664439763,0.014133169165839775,999.0978247070553
2026-07-17 17:41:40.082516,105.89142664439763,0.014133169165839775,999.0978247070553
2026-07-17 17:41:40.368046,105.89142664439763,0.014133169165839775,999.0976833753637
2026-07-17 17:41:40.568929,105.89142664439763,0.014133169165839775,999.0976833753637
2026-07-17 17:41:40.780850,105.89142664439763,0.014133169165839775,999.0976833753637
2026-07-17 17:41:40.983126,105.89142664439763,0.014133169165839775,999.0976833753637
2026-07-17 17:41:41.171110,105.89142664439763,0.014133169165839775,999.0976833753637
2026-07-17 17:41:41.360878,105.89142664439763,0.014133169165839775,999.0976833753637
2026-07-17 17:41:41.566845,105.89142664439763,0.014133169165839775,999.0976833753637
2026-07-17 17:41:41.754739,105.89142664439763,0.014133169165839775,999.0976833753637
2026-07-17 17:41:41.912364,105.89142664439763,0.014133169165839775,999.0976833753637
2026-07-17 17:41:42.083732,105.89142664439763,0.014133169165839775,999.0978247070553
2026-07-17 17:41:42.279855,105.89142664439763,0.014133169165839775,999.0978247070553
2026-07-17 17:41:42.448636,105.89142664439763,0.014133169165839775,999.0978247070553
2026-07-17 17:41:42.661301,105.89142664439763,0.014133169165839775,999.0978247070553
2026-07-17 17:41:42.868076,105.89142664439763,0.014133169165839775,999.0978247070553
2026-07-17 17:41:43.057229,105.89142664439763,0.014133169165839775,999.0978247070553
2026-07-17 17:41:43.325711,105.89142664439763,0.014133169165839775,999.0978247070553
2026-07-17 17:41:43.517766,105.89142664439763,0.014133169165839775,999.0978247070553
2026-07-17 17:41:43.724251,105.89142664439763,0.014133169165839775,999.0976833753637
2026-07-17 17:41:43.903134,105.89142664439763,0.014133169165839775,999.0976833753637
2026-07-17 17:41:44.063033,105.89142664439763,0.014133169165839775,999.0978247070553
2026-07-17 17:41:44.232638,105.89142664439763,0.014133169165839775,999.0976833753637
2026-07-17 17:41:44.395201,105.89142664439763,0.014133169165839775,999.0978247070553
2026-07-17 17:41:44.562254,105.89142664439763,0.014133169165839775,999.0978247070553
2026-07-17 17:41:44.751027,105.89142664439763,0.014133169165839775,999.0978247070553
2026-07-17 17:41:44.887058,105.89142664439763,0.014133169165839775,999.0978247070553
2026-07-17 17:41:45.034278,105.89142664439763,0.014133169165839775,999.0976833753637
2026-07-17 17:41:45.213458,105.89142664439763,0.014133169165839775,999.0976833753637
2026-07-17 17:41:45.380314,105.89142664439763,0.014133169165839775,999.0976833753637
2026-07-17 17:41:45.532552,105.89142664439763,0.014133169165839775,999.0976833753637
2026-07-17 17:41:45.685170,105.89142664439763,0.014133169165839775,999.0976833753637
2026-07-17 17:41:45.877452,105.89142664439763,0.014133169165839775,999.0978247070553
2026-07-17 17:41:45.950933,105.89142664439763,0.014133169165839775,999.0978247070553
2026-07-17 17:41:46.101887,105.89142664439763,0.014133169165839775,999.0976833753637
2026-07-17 17:41:46.248553,105.89142664439763,0.014133169165839775,999.0976833753637
2026-07-17 17:41:46.400168,105.89142664439763,0.014133169165839775,999.0976833753637
2026-07-17 17:41:46.558703,105.89142664439763,0.014133169165839775,999.0976833753637
2026-07-17 17:41:46.713739,105.89142664439763,0.014133169165839775,999.0976833753637
2026-07-17 17:41:46.868357,105.89142664439763,0.014133169165839775,999.0976833753637
2026-07-17 17:41:47.045877,105.89142664439763,0.014133169165839775,999.0976833753637
2026-07-17 17:41:47.195591,105.89142664439763,0.014133169165839775,999.0976833753637
2026-07-17 17:41:47.342862,105.89142664439763,0.014133169165839775,999.1075765937798
2026-07-17 17:41:47.493186,195.21304163933584,0.012719852249255797,999.1075765937798
2026-07-17 17:41:47.661934,195.21304163933584,0.012719852249255797,999.1075765937798
2026-07-17 17:41:47.805443,195.21304163933584,0.012719852249255797,999.1077037923022
2026-07-17 17:41:47.948369,195.21304163933584,0.012719852249255797,999.1077037923022
2026-07-17 17:41:48.280754,195.21304163933584,0.012719852249255797,999.1077037923022
2026-07-17 17:41:48.483916,195.21304163933584,0.012719852249255797,999.1077037923022
2026-07-17 17:41:48.696060,195.21304163933584,0.012719852249255797,999.1077037923022
2026-07-17 17:41:48.901123,195.21304163933584,0.012719852249255797,999.1077037923022
2026-07-17 17:41:49.046746,195.21304163933584,0.012719852249255797,999.1077037923022
2026-07-17 17:41:49.242654,195.21304163933584,0.012719852249255797,999.1077037923022
2026-07-17 17:41:49.383653,195.21304163933584,0.012719852249255797,999.1077037923022
2026-07-17 17:41:49.539323,195.21304163933584,0.012719852249255797,999.1077037923022
2026-07-17 17:41:49.693563,195.21304163933584,0.012719852249255797,999.1077037923022
2026-07-17 17:41:49.847308,195.21304163933584,0.012719852249255797,999.1075765937798
2026-07-17 17:41:50.083159,195.21304163933584,0.012719852249255797,999.1077037923022
2026-07-17 17:41:50.338884,195.21304163933584,0.012719852249255797,999.1075765937798
2026-07-17 17:41:50.496253,195.21304163933584,0.012719852249255797,999.1075765937798
2026-07-17 17:41:50.645688,195.21304163933584,0.012719852249255797,999.1075765937798
2026-07-17 17:41:50.792415,195.21304163933584,0.012719852249255797,999.1075765937798
2026-07-17 17:41:50.992817,195.21304163933584,0.012719852249255797,999.1075765937798
2026-07-17 17:41:51.137281,195.21304163933584,0.012719852249255797,999.1075765937798
2026-07-17 17:41:51.288393,195.21304163933584,0.012719852249255797,999.1075765937798
2026-07-17 17:41:51.448838,195.21304163933584,0.012719852249255797,999.1075765937798
2026-07-17 17:41:51.604632,195.21304163933584,0.012719852249255797,999.1075765937798
2026-07-17 17:41:51.767148,195.21304163933584,0.012719852249255797,999.1077037923022
2026-07-17 17:41:51.920750,195.21304163933584,0.012719852249255797,999.1077037923022
2026-07-17 17:41:52.067326,195.21304163933584,0.012719852249255797,999.1077037923022
2026-07-17 17:41:52.225608,195.21304163933584,0.012719852249255797,999.1075765937798
2026-07-17 17:41:52.378040,195.21304163933584,0.012719852249255797,999.1077037923022
2026-07-17 17:41:52.526930,195.21304163933584,0.012719852249255797,999.1077037923022
2026-07-17 17:41:52.671772,195.21304163933584,0.012719852249255797,999.1077037923022
2026-07-17 17:41:52.824065,195.21304163933584,0.012719852249255797,999.1077037923022
2026-07-17 17:41:52.990827,195.21304163933584,0.012719852249255797,999.1077037923022
2026-07-17 17:41:53.136563,195.21304163933584,0.012719852249255797,999.1077037923022
2026-07-17 17:41:53.343131,195.21304163933584,0.012719852249255797,999.1077037923022
2026-07-17 17:41:53.482908,195.21304163933584,0.012719852249255797,999.1077037923022
2026-07-17 17:41:53.644336,195.21304163933584,0.012719852249255797,999.1077037923022
2026-07-17 17:41:53.794138,195.21304163933584,0.012719852249255797,999.1075765937798
2026-07-17 17:41:53.946344,195.21304163933584,0.012719852249255797,999.1075765937798
2026-07-17 17:41:54.106114,195.21304163933584,0.012719852249255797,999.1075765937798
2026-07-17 17:41:54.247518,195.21304163933584,0.012719852249255797,999.1075765937798
2026-07-17 17:41:54.390608,195.21304163933584,0.012719852249255797,999.1075765937798
2026-07-17 17:41:54.542280,195.21304163933584,0.012719852249255797,999.1077037923022
2026-07-17 17:41:54.686001,195.21304163933584,0.012719852249255797,999.1077037923022
2026-07-17 17:41:54.832627,195.21304163933584,0.012719852249255797,999.1077037923022
2026-07-17 17:41:54.979368,195.21304163933584,0.012719852249255797,999.1077037923022
2026-07-17 17:41:55.143763,195.21304163933584,0.012719852249255797,999.1077037923022
2026-07-17 17:41:55.294710,195.21304163933584,0.012719852249255797,999.1077037923022
2026-07-17 17:41:55.471768,195.21304163933584,0.012719852249255797,999.1077037923022
2026-07-17 17:41:55.700806,195.21304163933584,0.012719852249255797,999.1077037923022
2026-07-17 17:41:55.874802,195.21304163933584,0.012719852249255797,999.1075765937798
2026-07-17 17:41:56.053952,195.21304163933584,0.012719852249255797,999.1075765937798
2026-07-17 17:41:56.207690,195.21304163933584,0.012719852249255797,999.1075765937798
2026-07-17 17:41:56.367152,195.21304163933584,0.012719852249255797,999.1075765937798
2026-07-17 17:41:56.533134,195.21304163933584,0.012719852249255797,999.1075765937798
2026-07-17 17:41:56.719319,195.21304163933584,0.012719852249255797,999.1075765937798
2026-07-17 17:41:56.890609,195.21304163933584,0.012719852249255797,999.1075765937798
2026-07-17 17:41:57.072350,195.21304163933584,0.012719852249255797,999.1075765937798
2026-07-17 17:41:57.224072,195.21304163933584,0.012719852249255797,999.1075765937798
2026-07-17 17:41:57.375955,195.21304163933584,0.012719852249255797,999.1075765937798
2026-07-17 17:41:57.536229,195.21304163933584,0.012719852249255797,999.1075765937798
2026-07-17 17:41:57.689392,195.21304163933584,0.012719852249255797,999.1075765937798
2026-07-17 17:41:57.860690,195.21304163933584,0.012719852249255797,999.1075765937798
2026-07-17 17:41:58.056172,195.21304163933584,0.012719852249255797,999.1075765937798
2026-07-17 17:41:58.251832,195.21304163933584,0.012719852249255797,999.1075765937798
2026-07-17 17:41:58.398964,195.21304163933584,0.012719852249255797,999.1075765937798
2026-07-17 17:41:58.626375,195.21304163933584,0.012719852249255797,999.1075765937798
2026-07-17 17:41:58.941353,195.21304163933584,0.012719852249255797,999.1077037923022
2026-07-17 17:41:59.247360,195.21304163933584,0.012719852249255797,999.1075765937798
2026-07-17 17:41:59.424342,195.21304163933584,0.012719852249255797,999.1075765937798
2026-07-17 17:41:59.579814,195.21304163933584,0.012719852249255797,999.1075765937798
2026-07-17 17:41:59.722718,195.21304163933584,0.012719852249255797,999.1075765937798
2026-07-17 17:41:59.874503,195.21304163933584,0.012719852249255797,999.1075765937798
2026-07-17 17:42:00.042770,195.21304163933584,0.012719852249255797,999.1075765937798
2026-07-17 17:42:00.204627,195.21304163933584,0.012719852249255797,999.1075765937798
2026-07-17 17:42:00.382383,195.21304163933584,0.012719852249255797,999.1077037923022
2026-07-17 17:42:00.534214,195.21304163933584,0.012719852249255797,999.0823912863262
2026-07-17 17:42:00.682040,175.69173747540225,0.013028743370415048,999.0823912863261
2026-07-17 17:42:00.862551,175.69173747540225,0.013028743370415048,999.0563337995854
2026-07-17 17:42:01.095867,158.12256372786203,0.013306754177545755,999.0563337995853
2026-07-17 17:42:01.311535,158.12256372786203,0.013306754177545755,999.0563337995853
2026-07-17 17:42:01.580304,158.12256372786203,0.013306754177545755,999.0562007320435
2026-07-17 17:42:01.849009,158.12256372786203,0.013306754177545755,999.0562007320435
2026-07-17 17:42:02.099687,158.12256372786203,0.013306754177545755,999.0562007320435
2026-07-17 17:42:02.327951,158.12256372786203,0.013306754177545755,999.0828142403986
2026-07-17 17:42:02.535027,242.2185887791157,0.011976078759791179,999.1067663979181
2026-07-17 17:42:02.741271,317.90740654099596,0.01077847088381206,999.1067663979181
2026-07-17 17:42:02.956469,317.90740654099596,0.01077847088381206,999.1067663979181
2026-07-17 17:42:03.163529,317.90740654099596,0.01077847088381206,999.1067663979181
2026-07-17 17:42:03.364043,317.90740654099596,0.01077847088381206,999.1066586132092
2026-07-17 17:42:03.529863,317.90740654099596,0.01077847088381206,999.1066586132092
2026-07-17 17:42:03.714859,317.90740654099596,0.01077847088381206,999.1066586132092
2026-07-17 17:42:03.896189,317.90740654099596,0.01077847088381206,999.1066586132092
2026-07-17 17:42:04.143708,317.90740654099596,0.01077847088381206,999.1066586132092
2026-07-17 17:42:04.318428,317.90740654099596,0.01077847088381206,999.1067663979181
2026-07-17 17:42:04.511911,317.90740654099596,0.01077847088381206,999.1067663979181
2026-07-17 17:42:04.761844,317.90740654099596,0.01077847088381206,999.1066586132092
2026-07-17 17:42:04.960041,317.90740654099596,0.01077847088381206,999.1066586132092
2026-07-17 17:42:05.214800,317.90740654099596,0.01077847088381206,999.1067663979181
2026-07-17 17:42:05.465878,317.90740654099596,0.01077847088381206,999.1067663979181
2026-07-17 17:42:05.726181,317.90740654099596,0.01077847088381206,999.1066586132092
2026-07-17 17:42:06.005268,317.90740654099596,0.01077847088381206,999.1066586132092
2026-07-17 17:42:06.236053,317.90740654099596,0.01077847088381206,999.1066586132092
2026-07-17 17:42:06.428005,317.90740654099596,0.01077847088381206,999.1066586132092
2026-07-17 17:42:06.634488,317.90740654099596,0.01077847088381206,999.1066586132092
2026-07-17 17:42:06.828838,317.90740654099596,0.01077847088381206,999.1066586132092
2026-07-17 17:42:07.028043,317.90740654099596,0.01077847088381206,999.1066586132092
2026-07-17 17:42:07.249979,317.90740654099596,0.01077847088381206,999.1067663979181
2026-07-17 17:42:07.510495,317.90740654099596,0.01077847088381206,999.1066586132092
2026-07-17 17:42:07.702920,317.90740654099596,0.01077847088381206,999.1066586132092
2026-07-17 17:42:07.860018,317.90740654099596,0.01077847088381206,999.1066586132092
2026-07-17 17:42:08.027781,317.90740654099596,0.01077847088381206,999.1066586132092
2026-07-17 17:42:08.209089,317.90740654099596,0.01077847088381206,999.1066586132092
2026-07-17 17:42:08.360441,317.90740654099596,0.01077847088381206,999.0987903294642
2026-07-17 17:42:08.525787,286.1166658868964,0.011281494821973671,999.0987903294641
2026-07-17 17:42:08.706616,286.1166658868964,0.011281494821973671,999.0987903294641
2026-07-17 17:42:08.858844,286.1166658868964,0.011281494821973671,999.0846884609367
2026-07-17 17:42:09.051449,257.50499929820677,0.01173422532074554,999.0846884609366
2026-07-17 17:42:09.241584,257.50499929820677,0.01173422532074554,999.0846884609366
2026-07-17 17:42:09.422367,257.50499929820677,0.01173422532074554,999.0846884609366
2026-07-17 17:42:09.590035,257.50499929820677,0.01173422532074554,999.0846884609366
2026-07-17 17:42:09.759818,257.50499929820677,0.01173422532074554,999.0846884609366
2026-07-17 17:42:09.972536,257.50499929820677,0.01173422532074554,999.0846884609366
2026-07-17 17:42:10.206587,257.50499929820677,0.01173422532074554,999.0846884609366
2026-07-17 17:42:10.390540,257.50499929820677,0.01173422532074554,999.0845711186835
2026-07-17 17:42:10.572899,257.50499929820677,0.01173422532074554,999.0845711186835
2026-07-17 17:42:10.754006,257.50499929820677,0.01173422532074554,999.0846884609366
2026-07-17 17:42:10.908032,257.50499929820677,0.01173422532074554,999.0846884609366
2026-07-17 17:42:11.073973,257.50499929820677,0.01173422532074554,999.0846884609366
2026-07-17 17:42:11.254573,257.50499929820677,0.01173422532074554,999.0846884609366
2026-07-17 17:42:11.405398,257.50499929820677,0.01173422532074554,999.0846884609366
2026-07-17 17:42:11.576991,257.50499929820677,0.01173422532074554,999.0846884609366
2026-07-17 17:42:11.742563,257.50499929820677,0.01173422532074554,999.0845711186835
2026-07-17 17:42:11.906452,257.50499929820677,0.01173422532074554,999.0845711186835
2026-07-17 17:42:12.065477,257.50499929820677,0.01173422532074554,999.0845711186835
2026-07-17 17:42:12.214394,257.50499929820677,0.01173422532074554,999.0845711186835
2026-07-17 17:42:12.380706,257.50499929820677,0.01173422532074554,999.0845711186835
2026-07-17 17:42:12.573097,257.50499929820677,0.01173422532074554,999.0845711186835
2026-07-17 17:42:12.724279,257.50499929820677,0.01173422532074554,999.0845711186835
2026-07-17 17:42:12.896272,257.50499929820677,0.01173422532074554,999.0845711186835
2026-07-17 17:42:13.054878,257.50499929820677,0.01173422532074554,999.0845711186835
2026-07-17 17:42:13.207297,257.50499929820677,0.01173422532074554,999.0845711186835
2026-07-17 17:42:13.352820,257.50499929820677,0.01173422532074554,999.0845711186835
2026-07-17 17:42:13.507220,257.50499929820677,0.01173422532074554,999.0845711186835
2026-07-17 17:42:13.661762,257.50499929820677,0.01173422532074554,999.0846884609366
2026-07-17 17:42:13.826739,257.50499929820677,0.01173422532074554,999.0846884609366
2026-07-17 17:42:13.990429,257.50499929820677,0.01173422532074554,999.0846884609366
2026-07-17 17:42:14.147273,257.50499929820677,0.01173422532074554,999.0846884609366
2026-07-17 17:42:14.301740,257.50499929820677,0.01173422532074554,999.0845711186835
2026-07-17 17:42:14.460824,257.50499929820677,0.01173422532074554,999.0846884609366
2026-07-17 17:42:14.619294,257.50499929820677,0.01173422532074554,999.0846884609366
2026-07-17 17:42:14.784215,257.50499929820677,0.01173422532074554,999.0846884609366
2026-07-17 17:42:15.006177,257.50499929820677,0.01173422532074554,999.0846884609366
2026-07-17 17:42:15.186991,257.50499929820677,0.01173422532074554,999.0845711186835
2026-07-17 17:42:15.405945,257.50499929820677,0.01173422532074554,999.0846884609366
2026-07-17 17:42:15.583825,257.50499929820677,0.01173422532074554,999.0846884609366
2026-07-17 17:42:15.743855,257.50499929820677,0.01173422532074554,999.0846884609366
2026-07-17 17:42:15.903461,257.50499929820677,0.01173422532074554,999.0846884609366
2026-07-17 17:42:16.075925,257.50499929820677,0.01173422532074554,999.0846884609366
2026-07-17 17:42:16.234501,257.50499929820677,0.01173422532074554,999.0846884609366
2026-07-17 17:42:16.400061,257.50499929820677,0.01173422532074554,999.0846884609366
2026-07-17 17:42:16.571598,257.50499929820677,0.01173422532074554,999.0846884609366
2026-07-17 17:42:16.736652,257.50499929820677,0.01173422532074554,999.0846884609366
2026-07-17 17:42:16.900283,257.50499929820677,0.01173422532074554,999.0846884609366
2026-07-17 17:42:17.060520,257.50499929820677,0.01173422532074554,999.0846884609366
2026-07-17 17:42:17.252534,257.50499929820677,0.01173422532074554,999.0845711186835
2026-07-17 17:42:17.495488,257.50499929820677,0.01173422532074554,999.0845711186835
2026-07-17 17:42:17.782296,257.50499929820677,0.01173422532074554,999.0846884609366
2026-07-17 17:42:17.956211,257.50499929820677,0.01173422532074554,999.0845711186835
2026-07-17 17:42:18.099755,257.50499929820677,0.01173422532074554,999.0845711186835
2026-07-17 17:42:18.274502,257.50499929820677,0.01173422532074554,999.0845711186835
2026-07-17 17:42:18.451513,257.50499929820677,0.01173422532074554,999.0845711186835
2026-07-17 17:42:18.612792,257.50499929820677,0.01173422532074554,999.0845711186835
2026-07-17 17:42:18.786033,257.50499929820677,0.01173422532074554,999.0845711186835
2026-07-17 17:42:18.951590,257.50499929820677,0.01173422532074554,999.0845711186835
2026-07-17 17:42:19.105401,257.50499929820677,0.01173422532074554,999.0845711186835
2026-07-17 17:42:19.256473,257.50499929820677,0.01173422532074554,999.0845711186835
2026-07-17 17:42:19.416348,257.50499929820677,0.01173422532074554,999.0845711186835
2026-07-17 17:42:19.588730,257.50499929820677,0.01173422532074554,999.0846884609366
2026-07-17 17:42:19.773986,257.50499929820677,0.01173422532074554,999.0846884609366
2026-07-17 17:42:19.967157,257.50499929820677,0.01173422532074554,999.0845711186835
2026-07-17 17:42:20.155742,257.50499929820677,0.01173422532074554,999.0845711186835
2026-07-17 17:42:20.382444,257.50499929820677,0.01173422532074554,999.0846884609366
2026-07-17 17:42:20.539806,257.50499929820677,0.01173422532074554,999.0846884609366
2026-07-17 17:42:20.699958,257.50499929820677,0.01173422532074554,999.0846884609366
2026-07-17 17:42:20.896558,257.50499929820677,0.01173422532074554,999.0846884609366
2026-07-17 17:42:21.134758,257.50499929820677,0.01173422532074554,999.0846884609366
2026-07-17 17:42:21.357809,257.50499929820677,0.01173422532074554,999.0846884609366
2026-07-17 17:42:21.532367,257.50499929820677,0.01173422532074554,999.0846884609366
2026-07-17 17:42:21.684546,257.50499929820677,0.01173422532074554,999.0846884609366
2026-07-17 17:42:21.839062,257.50499929820677,0.01173422532074554,999.0846884609366
2026-07-17 17:42:22.025613,257.50499929820677,0.01173422532074554,999.0846884609366
2026-07-17 17:42:22.194828,257.50499929820677,0.01173422532074554,999.0845711186835
2026-07-17 17:42:22.355528,257.50499929820677,0.01173422532074554,999.0845711186835
2026-07-17 17:42:22.530155,257.50499929820677,0.01173422532074554,999.0846884609366
2026-07-17 17:42:22.689184,257.50499929820677,0.01173422532074554,999.0846884609366
2026-07-17 17:42:22.966531,257.50499929820677,0.01173422532074554,999.0845711186835
2026-07-17 17:42:23.300221,257.50499929820677,0.01173422532074554,999.0846884609366
2026-07-17 17:42:23.502457,257.50499929820677,0.01173422532074554,999.0846884609366
2026-07-17 17:42:23.677366,257.50499929820677,0.01173422532074554,999.0846884609366
2026-07-17 17:42:23.844671,257.50499929820677,0.01173422532074554,999.0846884609366
2026-07-17 17:42:23.997125,257.50499929820677,0.01173422532074554,999.0846884609366
2026-07-17 17:42:24.195565,257.50499929820677,0.01173422532074554,999.0845711186835
2026-07-17 17:42:24.362413,257.50499929820677,0.01173422532074554,999.0846884609366
2026-07-17 17:42:24.572820,257.50499929820677,0.01173422532074554,999.0845711186835
2026-07-17 17:42:24.745832,257.50499929820677,0.01173422532074554,999.0845711186835
2026-07-17 17:42:24.913276,257.50499929820677,0.01173422532074554,999.0845711186835
2026-07-17 17:42:25.109555,257.50499929820677,0.01173422532074554,999.0845711186835
2026-07-17 17:42:25.291319,257.50499929820677,0.01173422532074554,999.0845711186835
2026-07-17 17:42:25.480639,257.50499929820677,0.01173422532074554,999.0845711186835
2026-07-17 17:42:25.641259,257.50499929820677,0.01173422532074554,999.0845711186835
2026-07-17 17:42:25.844991,257.50499929820677,0.01173422532074554,999.0845711186835
2026-07-17 17:42:26.011232,257.50499929820677,0.01173422532074554,999.0845711186835
2026-07-17 17:42:26.162314,257.50499929820677,0.01173422532074554,999.0845711186835
2026-07-17 17:42:26.361142,257.50499929820677,0.01173422532074554,999.0845711186835
2026-07-17 17:42:26.507879,257.50499929820677,0.01173422532074554,999.0845711186835
2026-07-17 17:42:26.683603,257.50499929820677,0.01173422532074554,999.0845711186835
2026-07-17 17:42:26.858180,257.50499929820677,0.01173422532074554,999.0142831090122
2026-07-17 17:42:27.017222,231.7544993683861,0.012141721457200461,999.0142831090122
2026-07-17 17:42:27.189933,231.7544993683861,0.012141721457200461,999.0141616917975
2026-07-17 17:42:27.332774,231.7544993683861,0.012141721457200461,999.0141616917975
2026-07-17 17:42:27.492692,231.7544993683861,0.012141721457200461,999.0141616917975
2026-07-17 17:42:27.651888,231.7544993683861,0.012141721457200461,999.0142831090122
2026-07-17 17:42:27.841260,231.7544993683861,0.012141721457200461,999.0142831090122
2026-07-17 17:42:27.993171,231.7544993683861,0.012141721457200461,999.0142831090122
2026-07-17 17:42:28.157165,231.7544993683861,0.012141721457200461,999.0141616917975
2026-07-17 17:42:28.400073,231.7544993683861,0.012141721457200461,999.0142831090122
2026-07-17 17:42:28.584975,231.7544993683861,0.012141721457200461,999.0142831090122
2026-07-17 17:42:28.802403,231.7544993683861,0.012141721457200461,999.0142831090122
2026-07-17 17:42:29.041055,231.7544993683861,0.012141721457200461,999.0142831090122
2026-07-17 17:42:29.272016,231.7544993683861,0.012141721457200461,999.0142831090122
2026-07-17 17:42:29.501306,231.7544993683861,0.012141721457200461,999.0142831090122
2026-07-17 17:42:29.715176,231.7544993683861,0.012141721457200461,999.0141616917975
2026-07-17 17:42:29.937763,231.7544993683861,0.012141721457200461,999.0031127252715
2026-07-17 17:42:30.103897,208.57904943154747,0.012508473319477858,999.0031127252715
2026-07-17 17:42:30.305493,208.57904943154747,0.012508473319477858,999.0029876405383
2026-07-17 17:42:30.492806,208.57904943154747,0.012508473319477858,998.9894784893534
2026-07-17 17:42:30.677300,187.72114448839272,0.01283855568920653,998.9894784893534
2026-07-17 17:42:30.863517,187.72114448839272,0.01283855568920653,998.9894784893534
2026-07-17 17:42:31.031046,187.72114448839272,0.01283855568920653,998.9894784893534
2026-07-17 17:42:31.271792,187.72114448839272,0.01283855568920653,998.9894784893534
2026-07-17 17:42:31.487427,187.72114448839272,0.01283855568920653,998.9894784893534
2026-07-17 17:42:31.673819,187.72114448839272,0.01283855568920653,998.9894784893534
2026-07-17 17:42:31.860342,187.72114448839272,0.01283855568920653,998.9894784893534
2026-07-17 17:42:32.055538,187.72114448839272,0.01283855568920653,998.9894784893534
2026-07-17 17:42:32.229493,187.72114448839272,0.01283855568920653,998.9894784893534
2026-07-17 17:42:32.431881,187.72114448839272,0.01283855568920653,998.9894784893534
2026-07-17 17:42:32.653833,187.72114448839272,0.01283855568920653,998.9896068749102
2026-07-17 17:42:32.852355,187.72114448839272,0.01283855568920653,998.9896068749102
2026-07-17 17:42:33.031027,187.72114448839272,0.01283855568920653,998.9896068749102
2026-07-17 17:42:33.239405,187.72114448839272,0.01283855568920653,998.9894784893534
2026-07-17 17:42:33.419225,187.72114448839272,0.01283855568920653,998.9629026790767
2026-07-17 17:42:33.570772,168.94903003955346,0.013135639553938913,998.9629026790767
2026-07-17 17:42:33.756496,168.94903003955346,0.013135639553938913,998.9555467209266
2026-07-17 17:42:33.921996,168.94903003955346,0.013135639553938913,998.9555467209266
2026-07-17 17:42:34.203061,168.94903003955346,0.013135639553938913,998.7527324462137
2026-07-17 17:42:34.368800,152.05412703559813,0.013403082752270123,998.7527324462137
2026-07-17 17:42:34.552940,152.05412703559813,0.013403082752270123,998.7527324462137
2026-07-17 17:42:34.722485,152.05412703559813,0.013403082752270123,998.7527324462137
2026-07-17 17:42:34.896149,152.05412703559813,0.013403082752270123,998.7527324462137
2026-07-17 17:42:35.074527,152.05412703559813,0.013403082752270123,998.7527324462137
2026-07-17 17:42:35.258699,152.05412703559813,0.013403082752270123,998.7527324462137
2026-07-17 17:42:35.472259,152.05412703559813,0.013403082752270123,998.7054195640983
2026-07-17 17:42:35.631599,136.84871433203833,0.013643795081592375,998.6775862221317
2026-07-17 17:42:35.940900,123.16384289883449,0.013860443174552043,998.6727350670205
2026-07-17 17:42:36.176727,123.16384289883449,0.013860443174552043,998.6353118704492
2026-07-17 17:42:36.390181,110.84745860895104,0.014055435873476204,998.6353118704492
2026-07-17 17:42:36.619583,110.84745860895104,0.014055435873476204,998.588788377708
2026-07-17 17:42:36.881743,99.76271274805595,0.01423093849951951,998.5887883777082
2026-07-17 17:42:37.164169,99.76271274805595,0.01423093849951951,998.5887883777082
2026-07-17 17:42:37.358822,99.76271274805595,0.01423093849951951,998.5887883777082
2026-07-17 17:42:37.542177,99.76271274805595,0.01423093849951951,998.5889306870931
2026-07-17 17:42:37.725034,99.76271274805595,0.01423093849951951,998.5889306870931
2026-07-17 17:42:37.913188,99.76271274805595,0.01423093849951951,998.5887883777082
2026-07-17 17:42:38.115656,99.76271274805595,0.01423093849951951,998.5887883777082
2026-07-17 17:42:38.370650,99.76271274805595,0.01423093849951951,998.5887883777082
2026-07-17 17:42:38.632995,99.76271274805595,0.01423093849951951,998.5604688100941
2026-07-17 17:42:38.885608,89.78644147325035,0.014388895839765119,998.5604688100941
2026-07-17 17:42:39.063878,89.78644147325035,0.014388895839765119,998.5889588238568
2026-07-17 17:42:39.217279,180.66669320831102,0.012950006255788607,998.5889588238568
2026-07-17 17:42:39.374286,180.66669320831102,0.012950006255788607,998.5889588238568
2026-07-17 17:42:39.530875,180.66669320831102,0.012950006255788607,998.6247008411228
2026-07-17 17:42:39.688380,262.4624939715922,0.011655005630209747,998.6279642426994
2026-07-17 17:42:39.906976,262.4624939715922,0.011655005630209747,998.6279642426994
2026-07-17 17:42:40.069687,262.4624939715922,0.011655005630209747,998.6279642426994
2026-07-17 17:42:40.250468,262.4624939715922,0.011655005630209747,998.627847692643
2026-07-17 17:42:40.418821,262.4624939715922,0.011655005630209747,998.627847692643
2026-07-17 17:42:40.579612,262.4624939715922,0.011655005630209747,998.627847692643
2026-07-17 17:42:40.732121,262.4624939715922,0.011655005630209747,998.627847692643
2026-07-17 17:42:40.888009,262.4624939715922,0.011655005630209747,998.627847692643
2026-07-17 17:42:41.049918,262.4624939715922,0.011655005630209747,998.627847692643
2026-07-17 17:42:41.199337,262.4624939715922,0.011655005630209747,998.627847692643
2026-07-17 17:42:41.360290,262.4624939715922,0.011655005630209747,998.627847692643
2026-07-17 17:42:41.565352,262.4624939715922,0.011655005630209747,998.627847692643
2026-07-17 17:42:41.788274,262.4624939715922,0.011655005630209747,998.627847692643
2026-07-17 17:42:41.992557,262.4624939715922,0.011655005630209747,998.6391530481044
2026-07-17 17:42:42.152803,336.0801598792434,0.010489505067188772,998.639257943155
2026-07-17 17:42:42.394639,336.0801598792434,0.010489505067188772,998.639257943155
2026-07-17 17:42:42.575443,336.0801598792434,0.010489505067188772,998.639257943155
2026-07-17 17:42:42.748148,336.0801598792434,0.010489505067188772,998.639257943155
2026-07-17 17:42:42.961962,336.0801598792434,0.010489505067188772,998.639257943155
2026-07-17 17:42:43.142562,336.0801598792434,0.010489505067188772,998.639257943155
2026-07-17 17:42:43.364878,336.0801598792434,0.010489505067188772,998.639257943155
2026-07-17 17:42:43.545767,336.0801598792434,0.010489505067188772,998.639257943155
2026-07-17 17:42:43.716760,336.0801598792434,0.010489505067188772,998.6601320582387
2026-07-17 17:42:43.878009,402.3381570971429,0.009440554560469895,998.6601320582387
2026-07-17 17:42:44.044748,402.3381570971429,0.009440554560469895,998.6602264637843
2026-07-17 17:42:44.202360,402.3381570971429,0.009440554560469895,998.6602264637843
2026-07-17 17:42:44.377825,402.3381570971429,0.009440554560469895,998.6602264637843
2026-07-17 17:42:44.561609,402.3381570971429,0.009440554560469895,998.6601320582387
2026-07-17 17:42:44.730961,402.3381570971429,0.009440554560469895,998.6601320582387
2026-07-17 17:42:44.911197,402.3381570971429,0.009440554560469895,998.6601320582387
2026-07-17 17:42:45.145978,402.3381570971429,0.009440554560469895,998.6602264637843
2026-07-17 17:42:45.340831,402.3381570971429,0.009440554560469895,998.6602264637843
2026-07-17 17:42:45.512331,402.3381570971429,0.009440554560469895,998.6602264637843
2026-07-17 17:42:45.723132,402.3381570971429,0.009440554560469895,998.7163033578735
2026-07-17 17:42:45.926294,461.975971723216,0.008496499104422905,998.7163033578736
2026-07-17 17:42:46.134905,461.975971723216,0.008496499104422905,998.7163033578736
2026-07-17 17:42:46.346131,461.975971723216,0.008496499104422905,998.7162183928824
2026-07-17 17:42:46.591306,461.975971723216,0.008496499104422905,998.7163033578736
2026-07-17 17:42:46.833391,461.975971723216,0.008496499104422905,998.7163033578736
2026-07-17 17:42:47.093411,461.975971723216,0.008496499104422905,998.7377995006077
2026-07-17 17:42:47.290457,515.6521545009551,0.007646849193980615,998.7377995006077
2026-07-17 17:42:47.555782,515.6521545009551,0.007646849193980615,998.7377230321158
2026-07-17 17:42:47.764888,515.6521545009551,0.007646849193980615,998.7377230321158
2026-07-17 17:42:47.971724,515.6521545009551,0.007646849193980615,998.7377230321158
2026-07-17 17:42:48.195347,515.6521545009551,0.007646849193980615,998.7377995006077
2026-07-17 17:42:48.378993,515.6521545009551,0.007646849193980615,998.7377995006077
2026-07-17 17:42:48.556898,515.6521545009551,0.007646849193980615,998.7377995006077
2026-07-17 17:42:48.786753,515.6521545009551,0.007646849193980615,998.7395582759223
2026-07-17 17:42:48.997476,515.6521545009551,0.007646849193980615,998.7494991798744
2026-07-17 17:42:49.195305,563.9618889688471,0.006882164274582553,998.7563125225063
2026-07-17 17:42:49.394827,607.441331324213,0.006193947847124298,998.7563125225063
2026-07-17 17:42:49.644176,607.441331324213,0.006193947847124298,998.7563125225063
2026-07-17 17:42:49.907100,607.441331324213,0.006193947847124298,998.7563125225063
2026-07-17 17:42:50.160142,607.441331324213,0.006193947847124298,998.7563744619847
2026-07-17 17:42:50.358667,607.441331324213,0.006193947847124298,998.7563125225063
2026-07-17 17:42:50.578809,607.441331324213,0.006193947847124298,998.7563744619847
2026-07-17 17:42:50.754221,607.441331324213,0.006193947847124298,998.7563125225063
2026-07-17 17:42:50.937670,607.441331324213,0.006193947847124298,998.7563125225063
2026-07-17 17:42:51.128650,607.441331324213,0.006193947847124298,998.7563125225063
2026-07-17 17:42:51.360290,607.441331324213,0.006193947847124298,998.7563125225063
2026-07-17 17:42:51.522416,607.441331324213,0.006193947847124298,998.7563125225063
2026-07-17 17:42:51.695194,607.441331324213,0.006193947847124298,998.7563744619847
2026-07-17 17:42:51.862535,607.441331324213,0.006193947847124298,998.7563744619847
2026-07-17 17:42:52.035521,607.441331324213,0.006193947847124298,998.7563744619847
2026-07-17 17:42:52.220951,607.441331324213,0.006193947847124298,998.7563744619847
2026-07-17 17:42:52.405344,607.441331324213,0.006193947847124298,998.7563744619847
2026-07-17 17:42:52.606231,607.441331324213,0.006193947847124298,998.7563125225063
2026-07-17 17:42:52.804964,607.441331324213,0.006193947847124298,998.7563125225063
2026-07-17 17:42:53.042708,607.441331324213,0.006193947847124298,998.7563125225063
2026-07-17 17:42:53.335887,607.441331324213,0.006193947847124298,998.772045150038
2026-07-17 17:42:53.553605,646.5744027067956,0.005574553062411868,998.7969076566965
2026-07-17 17:42:53.740034,681.7966532017857,0.005017097756170681,998.7969076566965
2026-07-17 17:42:53.918465,681.7966532017857,0.005017097756170681,998.7969578276741
2026-07-17 17:42:54.184094,681.7966532017857,0.005017097756170681,998.8030285159589
2026-07-17 17:42:54.383300,713.497290733203,0.004515387980553612,998.8065505185838
2026-07-17 17:42:54.583611,742.0282167117412,0.004063849182498251,998.8065505185839
2026-07-17 17:42:54.752278,742.0282167117412,0.004063849182498251,998.8065505185839
2026-07-17 17:42:55.023494,742.0282167117412,0.004063849182498251,998.8146782169488
2026-07-17 17:42:55.268693,767.7068628622619,0.003657464264248426,998.8146782169488
2026-07-17 17:42:55.491728,767.7068628622619,0.003657464264248426,998.8146782169488
2026-07-17 17:42:55.652552,767.7068628622619,0.003657464264248426,998.8146782169488
2026-07-17 17:42:55.814681,767.7068628622619,0.003657464264248426,998.8146782169488
2026-07-17 17:42:55.984974,767.7068628622619,0.003657464264248426,998.8196157937056
2026-07-17 17:42:56.156491,790.8181381554062,0.0032917178378235835,998.8196157937055
2026-07-17 17:42:56.315978,790.8181381554062,0.0032917178378235835,998.8196157937055
2026-07-17 17:42:56.486604,790.8181381554062,0.0032917178378235835,998.8196487108839
2026-07-17 17:42:56.674152,790.8181381554062,0.0032917178378235835,998.8196487108839
2026-07-17 17:42:56.853962,790.8181381554062,0.0032917178378235835,998.8196487108839
2026-07-17 17:42:57.097076,790.8181381554062,0.0032917178378235835,998.8196487108839
2026-07-17 17:42:57.287809,790.8181381554062,0.0032917178378235835,998.8217554103
2026-07-17 17:42:57.434965,811.6184998808957,0.002962546054041225,998.8217554103002
2026-07-17 17:42:57.606969,811.6184998808957,0.002962546054041225,998.8217554103002
2026-07-17 17:42:57.779721,811.6184998808957,0.002962546054041225,998.8217554103002
2026-07-17 17:42:57.897961,811.6184998808957,0.002962546054041225,998.8217850357607
2026-07-17 17:42:58.102988,811.6184998808957,0.002962546054041225,998.8217850357607
2026-07-17 17:42:58.280624,811.6184998808957,0.002962546054041225,998.8217850357607
2026-07-17 17:42:58.468291,811.6184998808957,0.002962546054041225,998.8217554103002
2026-07-17 17:42:58.652444,811.6184998808957,0.002962546054041225,998.8217554103002
2026-07-17 17:42:58.815421,811.6184998808957,0.002962546054041225,998.8217554103002
2026-07-17 17:42:58.989093,811.6184998808957,0.002962546054041225,998.8217850357607
2026-07-17 17:42:59.151679,811.6184998808957,0.002962546054041225,998.8217850357607
2026-07-17 17:42:59.254508,811.6184998808957,0.002962546054041225,998.8217850357607
2026-07-17 17:42:59.416074,811.6184998808957,0.002962546054041225,998.8217554103002
2026-07-17 17:42:59.469612,811.6184998808957,0.002962546054041225,998.8217554103002
2026-07-17 17:42:59.676497,811.6184998808957,0.002962546054041225,998.8395603120849
2026-07-17 17:42:59.818713,830.3406059240147,0.0026662914486371026,998.839560312085
2026-07-17 17:42:59.977583,830.3406059240147,0.0026662914486371026,998.839560312085
2026-07-17 17:43:00.061374,830.3406059240147,0.0026662914486371026,998.839560312085
2026-07-17 17:43:00.212631,830.3406059240147,0.0026662914486371026,998.839560312085
2026-07-17 17:43:00.327383,830.3406059240147,0.0026662914486371026,998.8410267723817
2026-07-17 17:43:00.487306,830.3406059240147,0.0026662914486371026,998.8410267723817
2026-07-17 17:43:00.576977,830.3406059240147,0.0026662914486371026,998.8410267723817
2026-07-17 17:43:00.726697,830.3406059240147,0.0026662914486371026,998.8410267723817
2026-07-17 17:43:00.862824,830.3406059240147,0.0026662914486371026,998.8410534352962
2026-07-17 17:43:00.934435,830.3406059240147,0.0026662914486371026,998.8410534352962
2026-07-17 17:43:01.079948,830.3406059240147,0.0026662914486371026,998.8410534352962
2026-07-17 17:43:01.184728,830.3406059240147,0.0026662914486371026,998.8410534352962
2026-07-17 17:43:01.337293,830.3406059240147,0.0026662914486371026,998.8410267723817
2026-07-17 17:43:01.478401,830.3406059240147,0.0026662914486371026,998.8410267723817
2026-07-17 17:43:01.557201,830.3406059240147,0.0026662914486371026,998.8410267723817
2026-07-17 17:43:01.705722,830.3406059240147,0.0026662914486371026,998.8410534352962
2026-07-17 17:43:01.886019,830.3406059240147,0.0026662914486371026,998.8410534352962
2026-07-17 17:43:02.028692,830.3406059240147,0.0026662914486371026,998.8410534352962
2026-07-17 17:43:02.157588,830.3406059240147,0.0026662914486371026,998.8410267723817
2026-07-17 17:43:02.315554,830.3406059240147,0.0026662914486371026,998.8410267723817
2026-07-17 17:43:02.387744,830.3406059240147,0.0026662914486371026,998.8410267723817
2026-07-17 17:43:02.536327,830.3406059240147,0.0026662914486371026,998.8410534352962
2026-07-17 17:43:02.618698,830.3406059240147,0.0026662914486371026,998.8410534352962
2026-07-17 17:43:02.768111,830.3406059240147,0.0026662914486371026,998.8410534352962
2026-07-17 17:43:02.853844,830.3406059240147,0.0026662914486371026,998.8410534352962
2026-07-17 17:43:03.011732,830.3406059240147,0.0026662914486371026,998.8410534352962
